#{"t_start": 1788151086.452667, "env_id": null}
r,l,t
147.29881,100,4.569064
125.53972,100,4.569153
145.61975,100,4.569175
151.73332,100,4.569191
139.87137,100,4.569206
139.00743,100,4.569221
149.91486,100,4.569237
103.34422,100,4.569251
145.1462,100,27.019367
141.1329,100,27.019455
110.178055,100,27.019477
134.2129,100,27.019494
149.30325,100,27.019509
146.68329,100,27.019524
144.45624,100,27.019539
154.92606,100,27.019554
133.25716,100,39.543901
143.95364,100,39.543991
139.76326,100,39.544013
143.87558,100,39.54403
156.0934,100,39.544046
126.07724,100,39.544062
135.75362,100,39.544078
145.95169,100,39.544094
162.74295,100,61.785121
152.498,100,61.785195
89.86896,100,61.785206
145.65594,100,61.785215
168.55106,100,61.785223
130.50395,100,61.785231
135.73216,100,61.78524
116.31231,100,61.785248
149.52269,100,74.720048
148.54099,100,74.720118
136.0657,100,74.720129
101.18908,100,74.720138
136.4841,100,74.720146
136.09998,100,74.720154
147.46342,100,74.720162
151.7347,100,74.72017
145.08289,100,96.674315
92.14623,100,96.674402
131.5757,100,96.674424
207.87578,100,96.674441
144.84962,100,96.674456
152.79395,100,96.674472
143.42342,100,96.674487
204.32703,100,96.674503
153.30626,100,109.588762
186.33992,100,109.588858
146.45132,100,109.58888
123.61656,100,109.588897
167.62819,100,109.588912
156.25368,100,109.588927
107.61348,100,109.588943
146.37985,100,109.588958
141.78217,100,131.957634
152.70634,100,131.957725
129.56116,100,131.957746
187.1722,100,131.957764
211.2166,100,131.957781
109.12418,100,131.957797
144.68874,100,131.957821
165.48387,100,131.957842
133.8721,100,154.468925
152.2197,100,154.468995
178.133,100,154.469007
149.06328,100,154.469015
173.76308,100,154.469023
142.16078,100,154.469031
111.156494,100,154.469039
142.42714,100,154.469047
134.61658,100,167.063887
145.42334,100,167.063977
150.28577,100,167.063998
153.3451,100,167.064014
138.9446,100,167.064029
132.70387,100,167.064044
145.52357,100,167.064059
155.39626,100,167.064074
143.83243,100,189.36278
161.59091,100,189.36286
151.09274,100,189.362872
186.225,100,189.362881
172.24481,100,189.362889
175.37683,100,189.362897
158.71574,100,189.362905
149.06659,100,189.362913
173.68849,100,202.392426
90.458824,100,202.392514
150.36447,100,202.392535
156.58575,100,202.392552
127.54679,100,202.392567
145.79265,100,202.392583
202.37494,100,202.392598
171.01,100,202.392613
152.69489,100,224.786058
149.99942,100,224.786135
98.542336,100,224.786148
156.08318,100,224.786156
162.87541,100,224.786164
153.3644,100,224.786173
124.08472,100,224.78618
163.86433,100,224.786188
169.08669,100,237.46052
147.02884,100,237.460614
75.11981,100,237.460637
144.18784,100,237.460654
154.60725,100,237.460671
125.86463,100,237.460688
79.4312,100,237.460704
163.7414,100,237.46072
120.073456,100,259.617762
109.414185,100,259.617861
170.62766,100,259.617883
152.56993,100,259.6179
114.188805,100,259.617916
164.06584,100,259.617932
157.97688,100,259.617947
95.26601,100,259.617962
189.96335,100,272.496589
80.88169,100,272.496679
160.19844,100,272.496701
126.38228,100,272.496718
204.82414,100,272.496734
161.65218,100,272.496749
147.54306,100,272.496765
126.66023,100,272.49678
129.71413,100,295.044219
168.03937,100,295.044287
155.52612,100,295.044298
141.0264,100,295.044307
206.65205,100,295.044315
138.49683,100,295.044323
144.7447,100,295.044331
158.27927,100,295.044338
171.3409,100,317.31584
150.58852,100,317.315923
147.74315,100,317.315944
173.20227,100,317.31596
142.52539,100,317.315977
130.95576,100,317.315992
159.8872,100,317.316008
196.76741,100,317.316023
143.15648,100,330.061481
145.84593,100,330.061571
120.536415,100,330.061591
151.79367,100,330.061608
169.38475,100,330.061623
174.14911,100,330.06164
116.001396,100,330.061657
132.59665,100,330.061673
146.85107,100,352.341631
162.79683,100,352.341717
128.09822,100,352.341738
127.930984,100,352.341754
148.03078,100,352.34177
143.6617,100,352.341785
177.00186,100,352.341801
139.78004,100,352.341828
149.849,100,365.206276
140.84882,100,365.206367
151.9988,100,365.206388
144.53508,100,365.206404
157.44434,100,365.20642
142.63753,100,365.206436
156.6082,100,365.206451
138.84868,100,365.206466
148.33609,100,387.118132
143.4859,100,387.118225
158.94292,100,387.118247
143.7062,100,387.118263
144.99924,100,387.118279
151.74817,100,387.118294
147.8933,100,387.11831
86.34129,100,387.118325
137.90948,100,399.970981
191.13466,100,399.971072
117.76672,100,399.971093
139.38535,100,399.971109
157.68137,100,399.971124
155.25058,100,399.971139
128.31592,100,399.971153
143.89146,100,399.971168
153.13817,100,422.17696
135.02156,100,422.17705
150.41533,100,422.17707
149.62639,100,422.177086
161.13472,100,422.177102
135.34816,100,422.177117
137.94763,100,422.177131
141.42342,100,422.177146
140.15088,100,444.328072
107.17769,100,444.328146
165.01431,100,444.328158
93.77416,100,444.328167
139.70584,100,444.328175
115.2268,100,444.328183
173.21234,100,444.328191
119.92981,100,444.328199
142.07172,100,456.917448
162.07036,100,456.917543
80.24908,100,456.917564
181.59616,100,456.917581
166.34671,100,456.917597
140.9326,100,456.917613
162.44919,100,456.917629
147.31352,100,456.917644
141.13484,100,479.526835
116.42162,100,479.526911
145.60593,100,479.526923
149.55225,100,479.526932
137.78682,100,479.52694
139.54971,100,479.526949
138.17307,100,479.526957
169.07487,100,479.526965
146.68336,100,492.16942
151.6848,100,492.169506
147.1905,100,492.169528
153.10413,100,492.169544
161.36131,100,492.16956
125.03538,100,492.169575
155.84659,100,492.169591
114.15949,100,492.169606
125.05764,100,515.038666
150.98772,100,515.038758
154.32655,100,515.03878
129.9055,100,515.038797
131.87688,100,515.038825
152.7937,100,515.038845
162.92432,100,515.038861
121.0977,100,515.038877
153.99348,100,528.006922
133.93594,100,528.007013
180.89572,100,528.007035
76.763794,100,528.00705
178.30371,100,528.007066
147.01498,100,528.007082
154.85437,100,528.007097
150.0354,100,528.007111
138.30956,100,550.246228
146.73654,100,550.2463
174.16583,100,550.246312
220.24448,100,550.246321
154.26611,100,550.246328
133.00513,100,550.246336
151.95923,100,550.246344
117.9358,100,550.246352
175.7727,100,562.683094
182.00372,100,562.683184
124.507774,100,562.683206
173.94543,100,562.683222
145.54317,100,562.683238
133.5569,100,562.683254
181.17926,100,562.683269
139.71469,100,562.683285
157.89111,100,585.170349
145.63106,100,585.170432
153.83095,100,585.170452
164.30894,100,585.170468
148.63156,100,585.170482
195.683,100,585.170496
109.24362,100,585.17051
155.81189,100,585.170524
151.37085,100,607.283176
149.29797,100,607.283244
142.15375,100,607.283255
147.43042,100,607.283264
152.32079,100,607.283273
152.02277,100,607.283281
163.59174,100,607.283289
183.31062,100,607.283297
164.92441,100,619.741275
106.7932,100,619.741363
142.89952,100,619.741385
162.86417,100,619.741401
147.06439,100,619.741417
181.00476,100,619.741432
136.49513,100,619.741447
139.49994,100,619.741463
95.93256,100,641.974044
112.19719,100,641.974115
176.16441,100,641.974126
142.55319,100,641.974134
156.99503,100,641.974142
178.7599,100,641.97415
135.78195,100,641.974159
127.02632,100,641.974166
209.48737,100,654.924743
157.84337,100,654.924844
138.6717,100,654.924869
158.5462,100,654.924886
178.38489,100,654.924902
110.75686,100,654.924918
140.87285,100,654.924933
122.291595,100,654.924949
144.20932,100,677.234245
131.67279,100,677.234334
172.73174,100,677.234355
117.92563,100,677.234372
160.38783,100,677.234388
164.90215,100,677.234403
141.11217,100,677.234419
171.98843,100,677.234436
217.00977,100,690.356015
179.28024,100,690.356106
100.656044,100,690.356128
134.50502,100,690.356145
148.40517,100,690.356161
136.88768,100,690.356177
121.449875,100,690.356192
151.04361,100,690.356208
145.00977,100,712.581716
181.98486,100,712.581808
168.7508,100,712.581843
167.78726,100,712.58186
146.55493,100,712.581876
130.77226,100,712.581892
191.1549,100,712.581907
81.39452,100,712.581939
137.93886,100,735.624809
88.353325,100,735.624886
150.61864,100,735.624898
222.49927,100,735.624907
136.1904,100,735.624915
172.62004,100,735.624923
159.22438,100,735.624932
136.93921,100,735.62494
140.68753,100,748.438335
155.86604,100,748.438426
162.75363,100,748.438449
153.5122,100,748.438465
145.1195,100,748.438481
199.63104,100,748.438497
142.07033,100,748.438513
179.08502,100,748.438528
171.26712,100,770.905848
133.09735,100,770.905923
140.24393,100,770.905935
176.82477,100,770.905943
163.94504,100,770.905951
182.30722,100,770.90596
147.00552,100,770.905968
164.19708,100,770.905977
131.68651,100,783.817375
139.58023,100,783.817463
134.27809,100,783.817485
136.35774,100,783.817502
155.94801,100,783.817518
195.50963,100,783.817533
179.94365,100,783.817548
148.31348,100,783.817563
177.41354,100,806.305176
138.07513,100,806.305266
174.16484,100,806.305288
160.35939,100,806.305305
171.19954,100,806.305322
162.82762,100,806.305339
147.93979,100,806.305356
174.04153,100,806.305373
120.1634,100,818.920401
155.8662,100,818.92049
161.41362,100,818.920511
138.84167,100,818.920527
153.36867,100,818.920542
122.07167,100,818.920557
150.75998,100,818.920572
163.00928,100,818.920587
160.0783,100,840.98363
128.7364,100,840.983724
156.7184,100,840.983746
133.4911,100,840.983762
93.82296,100,840.983778
139.51532,100,840.983793
118.55129,100,840.983809
144.70067,100,840.983838
138.44487,100,853.833675
143.5481,100,853.833765
129.42719,100,853.833786
153.30818,100,853.833803
172.73386,100,853.833835
206.44713,100,853.833852
158.45445,100,853.833867
140.19785,100,853.833883
183.58261,100,876.615633
150.00513,100,876.615731
162.53792,100,876.615753
122.48035,100,876.61577
141.32988,100,876.615786
158.39369,100,876.615801
145.86795,100,876.61583
188.16507,100,876.615847
156.28973,100,899.005876
159.33533,100,899.005967
212.40273,100,899.00599
154.96979,100,899.006007
160.09471,100,899.006024
154.80151,100,899.006041
160.21005,100,899.006057
158.19138,100,899.006072
182.97473,100,912.124224
217.30797,100,912.124298
184.44342,100,912.12431
162.2435,100,912.124319
171.29185,100,912.124327
132.6107,100,912.124336
196.96292,100,912.124343
146.86743,100,912.124352
209.25105,100,934.934891
194.92894,100,934.934983
99.98526,100,934.935005
168.68474,100,934.935022
223.98053,100,934.935038
171.71777,100,934.935054
156.69427,100,934.935069
153.09229,100,934.935084
150.46545,100,947.943052
127.537285,100,947.943146
154.47078,100,947.943168
136.58986,100,947.943185
167.83311,100,947.9432
151.54057,100,947.943216
143.6014,100,947.943231
148.37708,100,947.943246
186.3105,100,970.566608
194.93837,100,970.566697
113.58765,100,970.566719
164.59413,100,970.566736
177.26895,100,970.566751
168.04015,100,970.566767
162.00577,100,970.566783
159.80554,100,970.566798
150.07854,100,983.354147
134.78456,100,983.354237
157.85225,100,983.35426
187.34915,100,983.354278
158.63112,100,983.354293
152.73936,100,983.354309
197.14136,100,983.354325
178.96254,100,983.354341
190.57211,100,1005.691677
153.3277,100,1005.691766
175.56491,100,1005.691788
129.4954,100,1005.691805
170.53761,100,1005.691836
215.732,100,1005.691852
153.95262,100,1005.691868
233.51492,100,1005.691883
156.60207,100,1028.140087
199.30893,100,1028.140165
204.87866,100,1028.140177
153.02867,100,1028.140186
187.26933,100,1028.140194
116.75498,100,1028.140203
156.06876,100,1028.140211
176.33723,100,1028.140219
174.96913,100,1041.202764
174.16016,100,1041.202862
192.33218,100,1041.202883
185.24086,100,1041.2029
232.01242,100,1041.202916
135.24156,100,1041.202932
243.30034,100,1041.202948
159.44907,100,1041.202964
183.47325,100,1063.487577
141.83513,100,1063.48765
161.76349,100,1063.487661
162.43645,100,1063.48767
87.77357,100,1063.487678
166.22774,100,1063.487686
161.57397,100,1063.487694
205.15363,100,1063.487702
204.58347,100,1076.122795
171.94669,100,1076.122898
141.15788,100,1076.122921
101.16365,100,1076.122939
148.23352,100,1076.122972
154.41527,100,1076.12299
138.99341,100,1076.123008
141.10027,100,1076.123025
159.15962,100,1098.637484
208.92598,100,1098.637573
126.60408,100,1098.637595
208.4667,100,1098.637612
209.90417,100,1098.637628
217.65584,100,1098.637643
215.87631,100,1098.637659
148.70012,100,1098.637674
198.61523,100,1111.62903
182.5503,100,1111.629121
152.39632,100,1111.629143
122.78086,100,1111.62916
212.33324,100,1111.629176
171.27719,100,1111.629193
181.38622,100,1111.629208
178.0681,100,1111.629223
177.46098,100,1133.599548
196.93102,100,1133.59964
139.15817,100,1133.599662
173.16786,100,1133.599679
172.5515,100,1133.599695
148.24542,100,1133.599711
154.61832,100,1133.599727
165.57275,100,1133.599742
199.17822,100,1146.490849
75.74869,100,1146.490939
198.13358,100,1146.490961
122.49411,100,1146.490978
181.57753,100,1146.490994
163.27377,100,1146.49101
121.77087,100,1146.491025
159.3911,100,1146.491041
172.21759,100,1168.791439
174.28473,100,1168.791533
160.49602,100,1168.791555
228.64986,100,1168.791572
217.53224,100,1168.791589
163.75078,100,1168.791604
150.1189,100,1168.79162
126.91276,100,1168.791636
197.84395,100,1191.204428
123.394264,100,1191.204516
138.70384,100,1191.204537
147.59363,100,1191.204553
194.4848,100,1191.204569
185.68373,100,1191.204584
180.48654,100,1191.2046
139.7465,100,1191.204615
132.77562,100,1203.829495
147.54628,100,1203.829571
167.27702,100,1203.829582
166.21114,100,1203.829592
147.0336,100,1203.8296
168.3453,100,1203.829609
145.56099,100,1203.829618
156.50151,100,1203.829626
127.40737,100,1226.291939
170.36685,100,1226.29203
172.00348,100,1226.292051
199.44196,100,1226.292068
179.80988,100,1226.292083
194.98854,100,1226.292099
168.31671,100,1226.292114
201.91151,100,1226.292129
190.34517,100,1240.49386
242.88298,100,1240.49395
149.32529,100,1240.493972
159.7311,100,1240.493988
214.15398,100,1240.494004
193.54616,100,1240.49402
126.38698,100,1240.494035
153.33861,100,1240.494051
232.88483,100,1263.754798
132.32643,100,1263.754903
143.13814,100,1263.754924
210.25107,100,1263.75494
134.27234,100,1263.754955
210.62032,100,1263.754971
224.77492,100,1263.754986
179.28073,100,1263.755001
203.26938,100,1276.804491
200.68974,100,1276.804582
131.7614,100,1276.804603
173.48615,100,1276.804619
203.57077,100,1276.804635
162.45705,100,1276.80465
129.40591,100,1276.804665
197.64386,100,1276.80468
196.39934,100,1299.427884
175.86514,100,1299.427976
178.18068,100,1299.427998
170.3547,100,1299.428014
196.87311,100,1299.42803
213.48445,100,1299.428046
173.39993,100,1299.428062
169.47882,100,1299.428078
204.12102,100,1322.195338
194.00215,100,1322.19541
188.97691,100,1322.195421
108.05719,100,1322.19543
173.5494,100,1322.195439
217.74315,100,1322.195447
164.3069,100,1322.195455
202.26265,100,1322.195463
171.42076,100,1335.212326
114.38003,100,1335.212399
91.9605,100,1335.212411
193.31995,100,1335.21242
165.83029,100,1335.212428
233.91646,100,1335.212435
174.69586,100,1335.212444
185.69783,100,1335.212451
214.02162,100,1357.880116
224.68797,100,1357.880187
200.34697,100,1357.880199
157.12337,100,1357.880207
188.61903,100,1357.880215
173.106,100,1357.880224
232.38257,100,1357.880232
175.43863,100,1357.88024
150.2791,100,1371.019252
184.24635,100,1371.019339
156.21214,100,1371.019361
158.17062,100,1371.019379
134.56606,100,1371.019395
133.99257,100,1371.019411
224.26337,100,1371.019426
155.6796,100,1371.019442
151.88654,100,1394.243147
174.0301,100,1394.24324
149.74239,100,1394.243262
231.82693,100,1394.243279
156.3053,100,1394.243295
159.33896,100,1394.24331
191.27007,100,1394.243325
217.07509,100,1394.243341
164.08943,100,1407.123237
179.34831,100,1407.123324
205.6147,100,1407.123346
90.90571,100,1407.123363
197.62003,100,1407.123378
230.2677,100,1407.123394
224.7474,100,1407.123409
152.99545,100,1407.123424
185.82909,100,1429.417852
168.716,100,1429.417924
203.6181,100,1429.417936
161.22464,100,1429.417945
173.9845,100,1429.417953
162.15053,100,1429.417961
223.55826,100,1429.417981
156.04367,100,1429.417989
176.70155,100,1442.540862
168.13475,100,1442.540955
147.57182,100,1442.540977
236.90848,100,1442.540994
237.79697,100,1442.54101
128.32864,100,1442.541026
178.38145,100,1442.541042
205.63286,100,1442.541057
194.17853,100,1465.723032
236.45909,100,1465.723126
152.30997,100,1465.723148
169.16924,100,1465.723165
185.55421,100,1465.723181
167.76796,100,1465.723196
217.70647,100,1465.723211
164.33572,100,1465.723227
160.6392,100,1488.517829
182.73175,100,1488.517905
123.07798,100,1488.517918
193.49232,100,1488.517928
186.17525,100,1488.517937
207.73138,100,1488.517947
233.3651,100,1488.517955
113.777794,100,1488.517964
149.8242,100,1501.526713
178.7743,100,1501.526806
196.03033,100,1501.52684
198.90228,100,1501.526857
204.30542,100,1501.526873
158.37698,100,1501.52689
200.29002,100,1501.526906
199.95723,100,1501.526923
174.64563,100,1523.840002
175.949,100,1523.840093
203.87709,100,1523.840115
161.75977,100,1523.840132
150.33092,100,1523.840147
207.8202,100,1523.840163
152.00117,100,1523.840178
174.75801,100,1523.840194
185.33235,100,1537.354363
243.69211,100,1537.354439
151.22252,100,1537.35445
160.47395,100,1537.354459
163.23141,100,1537.354467
148.94693,100,1537.354475
210.96202,100,1537.354483
237.76602,100,1537.354491
221.92546,100,1560.987521
212.7252,100,1560.987609
204.2744,100,1560.987631
218.5149,100,1560.987648
172.36786,100,1560.987664
171.13728,100,1560.987679
198.82286,100,1560.987695
163.82036,100,1560.98771
155.91173,100,1573.991737
164.06305,100,1573.991818
169.54474,100,1573.991832
165.70435,100,1573.991841
237.96149,100,1573.99185
183.84682,100,1573.991858
157.48892,100,1573.991867
156.24655,100,1573.991875
180.0883,100,1596.497235
222.40417,100,1596.497331
211.68266,100,1596.497354
194.85904,100,1596.497371
141.62534,100,1596.497387
148.99773,100,1596.497404
174.56554,100,1596.497421
178.09471,100,1596.497437
195.01297,100,1619.4802
165.76207,100,1619.480273
224.98824,100,1619.480286
193.75714,100,1619.480295
142.25107,100,1619.480304
144.97844,100,1619.480313
135.09764,100,1619.480322
168.36884,100,1619.480331
149.18782,100,1632.502864
217.26894,100,1632.502961
172.38606,100,1632.502984
177.01791,100,1632.503001
190.26385,100,1632.503017
142.73792,100,1632.503034
115.96524,100,1632.50305
219.1081,100,1632.503066
170.75726,100,1655.753287
173.94238,100,1655.75336
206.36588,100,1655.753371
165.79234,100,1655.75338
218.89804,100,1655.753388
233.9263,100,1655.753397
208.058,100,1655.753405
195.9026,100,1655.753413
192.21202,100,1670.296664
216.49208,100,1670.296753
175.79341,100,1670.296774
201.31012,100,1670.296791
209.03972,100,1670.296807
174.75754,100,1670.296837
179.71593,100,1670.296853
197.88246,100,1670.296869
210.22096,100,1692.694186
179.8963,100,1692.694287
166.89302,100,1692.694309
219.3478,100,1692.694325
239.05702,100,1692.694341
190.06645,100,1692.694356
155.77353,100,1692.694372
178.60947,100,1692.694387
222.67978,100,1705.986307
198.10712,100,1705.986396
195.13885,100,1705.986418
206.88574,100,1705.986434
131.53944,100,1705.986451
143.00066,100,1705.986466
315.34756,100,1705.986481
213.61618,100,1705.986497
184.4879,100,1728.705186
165.16942,100,1728.705277
75.78702,100,1728.7053
214.44475,100,1728.705318
158.28911,100,1728.705336
167.61774,100,1728.705352
188.38931,100,1728.705367
231.60614,100,1728.705383
248.28015,100,1744.19851
200.17664,100,1744.198599
224.69934,100,1744.198622
246.43265,100,1744.198639
161.8709,100,1744.198655
163.06459,100,1744.198671
117.73682,100,1744.198687
159.61809,100,1744.198703
229.49207,100,1766.801267
239.16827,100,1766.801359
159.2329,100,1766.801382
189.67256,100,1766.801399
184.21422,100,1766.801415
208.60077,100,1766.801431
208.76189,100,1766.801447
172.75122,100,1766.801463
169.57474,100,1789.593176
223.52794,100,1789.593254
210.51598,100,1789.593266
203.55331,100,1789.593275
220.34709,100,1789.593283
157.35425,100,1789.593291
166.40262,100,1789.593299
185.35236,100,1789.593318
176.38625,100,1802.406023
173.8188,100,1802.406117
222.50797,100,1802.40614
170.14555,100,1802.406157
209.3117,100,1802.406173
193.63432,100,1802.406189
229.5429,100,1802.406205
172.49562,100,1802.406221
196.4127,100,1825.020593
198.98778,100,1825.020668
147.22966,100,1825.020679
166.3137,100,1825.020688
211.62288,100,1825.020696
216.5125,100,1825.020704
225.0361,100,1825.020712
187.31131,100,1825.020721
206.95415,100,1838.066744
186.93341,100,1838.066846
227.31308,100,1838.066873
228.8052,100,1838.066891
200.51303,100,1838.066907
221.17287,100,1838.066923
210.90268,100,1838.066939
195.72269,100,1838.066955
178.88954,100,1861.11479
191.69696,100,1861.114875
214.50166,100,1861.114887
158.97505,100,1861.114895
189.35292,100,1861.114903
93.811745,100,1861.114911
227.91492,100,1861.11492
168.03616,100,1861.114928
190.10611,100,1873.992888
190.84514,100,1873.992983
107.19774,100,1873.993005
219.76169,100,1873.993021
199.80186,100,1873.993037
147.04077,100,1873.993053
189.5543,100,1873.993069
145.85556,100,1873.993085
228.23723,100,1896.487063
172.96808,100,1896.487154
248.14429,100,1896.487175
173.14052,100,1896.487192
185.16808,100,1896.487209
231.50272,100,1896.487226
203.046,100,1896.487242
211.89844,100,1896.487258
241.97278,100,1920.020339
157.47482,100,1920.020411
177.0184,100,1920.020422
239.91658,100,1920.020431
207.30942,100,1920.020439
210.43802,100,1920.020448
171.13072,100,1920.020456
227.99559,100,1920.020464
166.31824,100,1932.741049
190.33931,100,1932.74114
139.43407,100,1932.741162
203.14304,100,1932.741179
164.52821,100,1932.741196
138.3608,100,1932.741212
216.73997,100,1932.741228
167.71915,100,1932.741243
197.56943,100,1955.461112
188.13853,100,1955.461183
223.03226,100,1955.461195
193.23918,100,1955.461204
152.46814,100,1955.461212
179.85687,100,1955.46122
198.3552,100,1955.461228
169.01682,100,1955.461237
200.97345,100,1969.120276
199.56685,100,1969.12035
197.42493,100,1969.120361
188.9524,100,1969.12037
211.70512,100,1969.120378
153.6705,100,1969.120386
141.72763,100,1969.120394
192.30302,100,1969.120402
186.33939,100,1992.068476
169.16109,100,1992.068556
260.6104,100,1992.068568
206.73187,100,1992.068577
221.65723,100,1992.068585
122.68017,100,1992.068593
234.36725,100,1992.068601
127.00539,100,1992.068609
147.34567,100,2005.928241
186.7616,100,2005.928334
182.28282,100,2005.928356
169.06262,100,2005.928373
236.68544,100,2005.928389
210.33937,100,2005.928405
244.13893,100,2005.928421
223.73055,100,2005.928437
182.00954,100,2028.378322
220.15411,100,2028.378411
218.1818,100,2028.378433
254.48859,100,2028.378449
210.18907,100,2028.378464
193.80238,100,2028.37848
200.3739,100,2028.378496
190.58116,100,2028.378511
189.6044,100,2041.376992
165.90839,100,2041.377076
231.12834,100,2041.377098
223.70451,100,2041.377115
188.89317,100,2041.377131
196.92555,100,2041.377147
134.82756,100,2041.377163
231.81111,100,2041.377178
202.5633,100,2064.697804
201.52715,100,2064.697901
193.28699,100,2064.697923
214.58485,100,2064.69794
179.26726,100,2064.697956
157.66292,100,2064.697972
214.57994,100,2064.697989
187.7686,100,2064.698004
183.65369,100,2087.52021
246.93182,100,2087.52029
221.54836,100,2087.520303
194.0176,100,2087.520313
210.43399,100,2087.520323
195.25937,100,2087.520331
180.9787,100,2087.52034
190.96509,100,2087.52035
175.43903,100,2101.141617
166.71822,100,2101.141706
203.50151,100,2101.141728
261.46286,100,2101.141745
170.5223,100,2101.14176
191.95306,100,2101.141776
172.89543,100,2101.141791
197.58731,100,2101.141806
158.58565,100,2123.76095
187.37611,100,2123.761022
217.30334,100,2123.761034
186.49225,100,2123.761043
222.15648,100,2123.761052
185.07697,100,2123.76106
208.4289,100,2123.761068
244.43266,100,2123.761077
184.56247,100,2136.73849
244.64697,100,2136.738565
199.4021,100,2136.738578
201.637,100,2136.738588
141.56871,100,2136.738598
186.45532,100,2136.73861
243.23228,100,2136.738619
216.18808,100,2136.738628
170.8953,100,2160.605105
235.77257,100,2160.605211
230.0705,100,2160.605234
245.39459,100,2160.605252
173.44275,100,2160.605268
193.60378,100,2160.605284
214.51642,100,2160.605299
196.44164,100,2160.605315
162.11368,100,2174.344652
228.69653,100,2174.344747
255.78894,100,2174.344769
124.82535,100,2174.344785
206.69138,100,2174.344802
168.12863,100,2174.344834
166.65068,100,2174.344851
228.799,100,2174.344867
179.84691,100,2196.910092
183.5871,100,2196.910183
203.79608,100,2196.910205
210.87457,100,2196.910222
196.2905,100,2196.910238
217.60674,100,2196.910254
206.65173,100,2196.910269
164.3949,100,2196.910285
228.7774,100,2219.62656
246.92892,100,2219.62665
231.77594,100,2219.626673
143.6589,100,2219.62669
210.4421,100,2219.626707
177.22083,100,2219.626723
206.74336,100,2219.626739
169.68565,100,2219.626755
168.22818,100,2233.161482
238.17531,100,2233.161557
216.2676,100,2233.161569
179.71591,100,2233.161577
217.17746,100,2233.161585
177.62717,100,2233.161593
142.03192,100,2233.161602
193.20697,100,2233.16161
221.36058,100,2256.158977
175.02628,100,2256.159052
230.63815,100,2256.159064
141.69322,100,2256.159073
229.438,100,2256.159082
139.95793,100,2256.15909
164.86868,100,2256.159099
235.81093,100,2256.159108
171.91286,100,2268.730411
186.90938,100,2268.730502
172.93309,100,2268.730524
250.1641,100,2268.730541
235.1385,100,2268.730558
162.19745,100,2268.730574
209.11327,100,2268.73059
207.46362,100,2268.730605
205.30202,100,2292.122106
231.84677,100,2292.122202
171.95389,100,2292.122225
232.44891,100,2292.122242
210.47247,100,2292.122258
220.39757,100,2292.122274
247.57462,100,2292.12229
237.8337,100,2292.122306
221.18858,100,2306.255308
231.90013,100,2306.255402
249.16772,100,2306.255424
193.70851,100,2306.255441
272.95102,100,2306.255458
239.44427,100,2306.255474
195.47038,100,2306.25549
226.40013,100,2306.255506
237.10602,100,2328.964746
172.50833,100,2328.964852
219.58241,100,2328.964875
198.38863,100,2328.964891
200.20148,100,2328.964907
247.84052,100,2328.964923
191.26895,100,2328.964938
239.3868,100,2328.964954
243.22156,100,2343.203661
184.44757,100,2343.203755
214.52519,100,2343.203777
189.1237,100,2343.203794
254.06477,100,2343.203821
211.92412,100,2343.203842
193.83072,100,2343.203858
191.65268,100,2343.203875
242.14415,100,2366.132786
215.78693,100,2366.132893
163.28447,100,2366.132915
257.4781,100,2366.132933
235.07623,100,2366.132949
242.9639,100,2366.132965
159.77167,100,2366.132981
201.95355,100,2366.132998
415.25467,100,2388.399758
213.13893,100,2388.399858
190.95189,100,2388.399879
200.23914,100,2388.399895
185.08102,100,2388.399909
224.43463,100,2388.399924
207.57619,100,2388.399938
199.20851,100,2388.399952
216.31445,100,2401.41584
206.68973,100,2401.415934
151.92198,100,2401.415957
214.99294,100,2401.415973
227.25197,100,2401.41599
180.4422,100,2401.416006
249.54631,100,2401.416022
195.49199,100,2401.416038
227.28487,100,2424.183492
212.64967,100,2424.183573
216.94727,100,2424.183585
165.1723,100,2424.183594
211.46182,100,2424.183602
184.37868,100,2424.18361
245.36264,100,2424.183619
196.37746,100,2424.183627
180.37282,100,2437.601163
153.05267,100,2437.601235
135.81131,100,2437.601247
204.27289,100,2437.601256
196.88077,100,2437.601264
141.91061,100,2437.601272
214.69887,100,2437.601281
220.71503,100,2437.601289
189.04077,100,2460.136097
203.5478,100,2460.136167
227.30618,100,2460.136178
180.45679,100,2460.136188
168.33514,100,2460.136196
192.72443,100,2460.136205
231.33563,100,2460.136213
224.1032,100,2460.136222
197.47433,100,2473.41005
164.57878,100,2473.41013
220.92836,100,2473.410141
196.46786,100,2473.410151
135.95277,100,2473.410159
158.2478,100,2473.410167
165.77937,100,2473.410176
241.59962,100,2473.410184
240.04045,100,2495.884349
202.27621,100,2495.884443
185.18694,100,2495.884464
154.1381,100,2495.884481
234.52905,100,2495.884497
203.16472,100,2495.884513
156.97406,100,2495.884529
225.98688,100,2495.884545
232.64864,100,2518.798667
232.59732,100,2518.798745
220.6856,100,2518.798768
218.91188,100,2518.798777
210.94981,100,2518.798785
208.51,100,2518.798794
221.46281,100,2518.798802
248.93713,100,2518.798817
200.77171,100,2532.089534
251.89421,100,2532.089624
214.97034,100,2532.089646
226.69641,100,2532.089663
229.2196,100,2532.089679
252.02998,100,2532.089695
136.01974,100,2532.08971
226.56088,100,2532.089727
229.5726,100,2554.482755
212.19875,100,2554.482837
212.86086,100,2554.482852
220.89726,100,2554.482861
155.84718,100,2554.48287
183.39183,100,2554.482879
220.31995,100,2554.482887
189.4572,100,2554.482895
208.80338,100,2567.405256
209.9923,100,2567.405347
186.43262,100,2567.40537
164.30374,100,2567.405387
214.26114,100,2567.405402
212.81805,100,2567.405418
140.55356,100,2567.405433
165.22302,100,2567.405448
156.87613,100,2589.907436
212.45561,100,2589.907526
212.27998,100,2589.907548
256.5733,100,2589.907565
218.62413,100,2589.907582
209.67844,100,2589.907598
179.88635,100,2589.907613
212.03253,100,2589.907629
208.10533,100,2603.178941
205.19011,100,2603.179035
201.00015,100,2603.179057
233.82336,100,2603.179074
194.57545,100,2603.17909
206.55981,100,2603.179106
189.34782,100,2603.179122
185.67152,100,2603.179138
217.29414,100,2625.411323
200.18901,100,2625.411418
202.73843,100,2625.411447
224.18854,100,2625.411467
177.18828,100,2625.411485
167.09142,100,2625.411502
184.9299,100,2625.411521
202.23413,100,2625.411538
168.26953,100,2638.608019
178.72021,100,2638.608096
271.20358,100,2638.608107
206.26823,100,2638.608116
175.79143,100,2638.608124
179.52663,100,2638.608133
214.34943,100,2638.608141
243.04967,100,2638.608149
176.02333,100,2660.727911
162.77982,100,2660.728009
142.2795,100,2660.728031
206.29814,100,2660.728048
212.99977,100,2660.728063
195.72964,100,2660.728078
212.94911,100,2660.728094
173.1132,100,2660.728109
232.72508,100,2683.898315
192.2797,100,2683.898406
196.68512,100,2683.898428
201.90685,100,2683.898445
185.87079,100,2683.898462
232.21985,100,2683.898478
205.45377,100,2683.898493
214.47766,100,2683.898509
232.50798,100,2697.797823
188.17896,100,2697.797899
176.89282,100,2697.797911
215.37822,100,2697.79792
216.91925,100,2697.797929
231.35178,100,2697.797936
228.52744,100,2697.797945
225.78235,100,2697.797953
233.23482,100,2721.212344
245.3115,100,2721.212438
226.40218,100,2721.212461
229.15779,100,2721.212478
212.4222,100,2721.212494
241.03035,100,2721.21251
170.20857,100,2721.212526
216.57439,100,2721.212542
205.13889,100,2734.939056
236.2592,100,2734.939127
185.66066,100,2734.939139
233.22482,100,2734.939149
233.93243,100,2734.939158
175.7909,100,2734.939167
208.22499,100,2734.939176
235.73405,100,2734.939184
209.24048,100,2757.73668
170.94615,100,2757.736757
215.17595,100,2757.736769
209.46649,100,2757.736778
211.64409,100,2757.736787
154.70093,100,2757.736796
200.82217,100,2757.736804
232.9687,100,2757.736824
206.41766,100,2770.951586
198.33243,100,2770.951676
196.92664,100,2770.951699
168.92236,100,2770.951716
177.08205,100,2770.951732
244.72852,100,2770.951748
140.30202,100,2770.951764
204.06082,100,2770.951779
232.24849,100,2794.167801
174.09134,100,2794.167906
232.90752,100,2794.167929
200.39413,100,2794.167947
235.01541,100,2794.167963
155.42393,100,2794.167979
220.43843,100,2794.167995
196.24321,100,2794.168013
241.27768,100,2816.208494
167.48141,100,2816.208572
209.50574,100,2816.208585
234.93416,100,2816.208594
191.18727,100,2816.208604
188.55087,100,2816.208612
144.41759,100,2816.208621
155.82681,100,2816.208629
173.34659,100,2828.976259
233.91618,100,2828.97633
127.41134,100,2828.976342
182.62375,100,2828.976351
194.89809,100,2828.976359
213.98152,100,2828.976367
220.81485,100,2828.976375
168.24655,100,2828.976384
225.04439,100,2852.270325
215.34352,100,2852.270417
209.03351,100,2852.270439
231.53409,100,2852.270456
247.2412,100,2852.270472
170.17691,100,2852.270487
210.76054,100,2852.270503
211.96347,100,2852.270518
213.7116,100,2865.759201
199.6517,100,2865.759295
152.73433,100,2865.759317
223.53111,100,2865.759354
194.5251,100,2865.759372
205.09596,100,2865.759387
210.43106,100,2865.759403
230.64188,100,2865.759419
250.37706,100,2888.555107
225.79503,100,2888.555182
210.79295,100,2888.555195
175.602,100,2888.555204
254.7373,100,2888.555213
172.59624,100,2888.555222
183.36488,100,2888.555231
143.13556,100,2888.55524
193.23763,100,2901.88859
182.3387,100,2901.888686
209.5207,100,2901.88871
177.92168,100,2901.888727
214.28738,100,2901.888744
203.6014,100,2901.88876
145.69734,100,2901.888776
245.90407,100,2901.888792
239.59814,100,2925.271204
151.17505,100,2925.271273
265.07068,100,2925.271285
201.54956,100,2925.271294
182.02713,100,2925.271302
224.17413,100,2925.271311
216.24901,100,2925.271319
179.88351,100,2925.271327
215.08139,100,2939.396038
265.9425,100,2939.396131
225.74103,100,2939.396153
198.67224,100,2939.39617
248.49121,100,2939.396187
214.32158,100,2939.396203
173.60321,100,2939.396219
223.31165,100,2939.396235
218.64249,100,2961.876652
228.63358,100,2961.876746
239.884,100,2961.876769
210.41463,100,2961.876785
183.07121,100,2961.876801
179.3732,100,2961.876833
235.68028,100,2961.876849
227.37369,100,2961.876864
192.42654,100,2985.270735
228.25357,100,2985.27082
234.35873,100,2985.270837
217.78076,100,2985.270847
186.96494,100,2985.270856
161.16891,100,2985.270864
260.99057,100,2985.270873
257.0027,100,2985.270881
235.00368,100,2998.400496
205.03154,100,2998.400569
229.945,100,2998.400581
216.31807,100,2998.40059
257.7544,100,2998.400599
188.46887,100,2998.400608
199.24965,100,2998.400617
264.8109,100,2998.400625
184.52388,100,3020.958091
198.13469,100,3020.958172
251.89156,100,3020.958186
243.8817,100,3020.958196
217.61925,100,3020.958205
228.9515,100,3020.958214
263.57495,100,3020.958223
194.0448,100,3020.958231
181.41557,100,3034.406916
237.80553,100,3034.40701
183.14293,100,3034.407032
145.83174,100,3034.40705
237.8235,100,3034.407066
219.48538,100,3034.407083
206.055,100,3034.407099
211.34444,100,3034.407115
210.91617,100,3056.943087
226.79906,100,3056.943183
246.0491,100,3056.943207
229.74564,100,3056.943226
220.44101,100,3056.943243
221.0197,100,3056.94326
185.1769,100,3056.943276
224.81094,100,3056.943291
174.52106,100,3070.177567
237.06393,100,3070.177643
192.86357,100,3070.177655
154.5873,100,3070.177664
206.98515,100,3070.177673
223.455,100,3070.177682
207.89052,100,3070.177691
183.70708,100,3070.1777
258.4317,100,3092.738986
213.6351,100,3092.739079
168.42493,100,3092.739101
295.12424,100,3092.739119
202.57028,100,3092.739135
246.18324,100,3092.739151
199.5275,100,3092.739167
226.95876,100,3092.739182
183.80652,100,3115.541991
227.82211,100,3115.542065
223.09566,100,3115.542078
222.82024,100,3115.542087
224.51477,100,3115.542096
177.53032,100,3115.542105
203.49509,100,3115.542114
207.24655,100,3115.542122
205.36899,100,3128.668174
156.33833,100,3128.668268
186.49149,100,3128.668293
193.09267,100,3128.66831
205.44363,100,3128.668327
179.20987,100,3128.668342
238.2593,100,3128.668358
244.74498,100,3128.668373
210.9485,100,3151.396976
192.76572,100,3151.397062
204.27713,100,3151.397082
172.18913,100,3151.397097
229.03084,100,3151.397112
221.5357,100,3151.397126
218.84845,100,3151.39714
238.60832,100,3151.397154
197.91508,100,3164.548997
213.0396,100,3164.549073
219.96927,100,3164.549085
243.39766,100,3164.549094
218.54933,100,3164.549103
198.0118,100,3164.549111
232.70558,100,3164.549119
177.81671,100,3164.549128
215.40115,100,3186.830943
188.69473,100,3186.83103
148.07164,100,3186.83105
188.69905,100,3186.831066
194.95691,100,3186.831081
207.64659,100,3186.831095
212.03871,100,3186.83111
252.72246,100,3186.831124
189.67966,100,3200.248862
191.9503,100,3200.248956
239.02975,100,3200.248978
223.64693,100,3200.248997
211.0644,100,3200.249013
203.50461,100,3200.249029
226.0926,100,3200.249045
224.31467,100,3200.24906
214.74518,100,3223.196777
185.37393,100,3223.196886
212.98883,100,3223.196909
230.41115,100,3223.196928
201.57185,100,3223.197056
210.90309,100,3223.197074
231.48427,100,3223.19709
201.29799,100,3223.197107
207.09377,100,3236.37127
215.40152,100,3236.371346
221.27524,100,3236.371358
186.09113,100,3236.371367
210.24036,100,3236.371377
166.86015,100,3236.371385
214.41888,100,3236.371394
177.3887,100,3236.371403
202.4412,100,3259.586762
211.2909,100,3259.58687
223.84895,100,3259.586892
148.89441,100,3259.586909
232.50636,100,3259.586924
332.60077,100,3259.586945
232.77318,100,3259.586961
194.13715,100,3259.586976
214.76363,100,3282.211532
178.69475,100,3282.211609
213.0427,100,3282.211622
209.98839,100,3282.211631
208.75192,100,3282.21164
154.84715,100,3282.211649
205.60161,100,3282.211658
242.77809,100,3282.211667
235.89389,100,3295.162142
174.02623,100,3295.162234
241.71716,100,3295.162257
228.34868,100,3295.162274
246.58412,100,3295.162291
213.60004,100,3295.162307
206.60048,100,3295.162323
168.09323,100,3295.162339
198.72852,100,3317.649206
225.51463,100,3317.649302
200.0185,100,3317.649324
224.18013,100,3317.649342
240.13264,100,3317.649358
247.44624,100,3317.649374
195.90869,100,3317.649389
199.92653,100,3317.649405
210.23254,100,3331.493983
196.71931,100,3331.494077
185.86174,100,3331.4941
146.23466,100,3331.494118
254.87433,100,3331.494135
215.29112,100,3331.494152
200.84471,100,3331.494168
197.70741,100,3331.494184
184.99649,100,3354.809019
238.16806,100,3354.809087
172.94293,100,3354.809099
173.68741,100,3354.809107
178.7092,100,3354.809116
216.84453,100,3354.809125
238.63768,100,3354.809134
228.11461,100,3354.809141
198.05972,100,3367.802887
196.35213,100,3367.802979
216.42181,100,3367.803
243.53278,100,3367.803015
242.36256,100,3367.803031
206.88303,100,3367.803045
177.65947,100,3367.80306
224.11937,100,3367.803075
203.52057,100,3390.78873
175.90114,100,3390.788808
190.22336,100,3390.788833
241.87772,100,3390.788842
165.73804,100,3390.788851
213.92949,100,3390.788859
162.08008,100,3390.788867
227.69266,100,3390.788876
228.19936,100,3413.74639
204.34534,100,3413.746467
213.28291,100,3413.746481
220.99132,100,3413.74649
147.34686,100,3413.7465
220.91978,100,3413.74651
170.55423,100,3413.74652
225.14635,100,3413.74653
185.84856,100,3426.521026
235.59901,100,3426.521119
179.50208,100,3426.521142
224.85202,100,3426.521159
241.59215,100,3426.521175
189.93715,100,3426.521191
206.56973,100,3426.521207
154.56062,100,3426.521223
154.72276,100,3449.986862
213.37479,100,3449.986949
218.08752,100,3449.986969
200.9702,100,3449.986985
217.15414,100,3449.987
209.43582,100,3449.987015
237.48721,100,3449.98703
210.44719,100,3449.987045
195.68575,100,3463.441483
236.11061,100,3463.441572
201.16954,100,3463.441594
202.88644,100,3463.441611
259.98355,100,3463.441627
238.9527,100,3463.441643
218.52145,100,3463.441658
216.36014,100,3463.441674
220.35297,100,3485.889942
250.00429,100,3485.890032
207.43452,100,3485.890055
213.5603,100,3485.890072
211.66718,100,3485.890089
234.56694,100,3485.890105
237.38931,100,3485.890121
216.56245,100,3485.890137
209.82782,100,3499.188066
132.02754,100,3499.188142
245.64796,100,3499.188154
152.73418,100,3499.188164
202.99464,100,3499.188173
181.69933,100,3499.188182
226.914,100,3499.18819
216.74593,100,3499.188199
189.90202,100,3521.69197
212.99934,100,3521.692066
226.83144,100,3521.692087
252.01782,100,3521.692103
226.56796,100,3521.692119
198.63792,100,3521.692133
243.49579,100,3521.692148
215.181,100,3521.692163
246.64157,100,3535.513789
188.58963,100,3535.513891
242.53362,100,3535.513913
247.4853,100,3535.513931
154.50882,100,3535.513947
214.0569,100,3535.513963
230.27866,100,3535.513978
239.33514,100,3535.513994
224.27429,100,3559.431931
216.01466,100,3559.432026
163.40266,100,3559.432049
287.95633,100,3559.432067
221.28145,100,3559.432083
266.77505,100,3559.4321
235.83607,100,3559.432116
211.34686,100,3559.432133
221.89963,100,3582.800265
226.51053,100,3582.800341
235.70813,100,3582.800354
218.7749,100,3582.800364
207.1941,100,3582.800374
210.96317,100,3582.800383
154.35857,100,3582.800403
206.97934,100,3582.800412
233.28749,100,3596.985735
230.34094,100,3596.985809
162.22002,100,3596.98586
184.23407,100,3596.985871
293.3334,100,3596.98588
166.1473,100,3596.985889
198.37892,100,3596.985898
243.44232,100,3596.985907
205.27841,100,3620.988497
221.93668,100,3620.98859
218.66919,100,3620.988614
205.80301,100,3620.98863
181.19673,100,3620.988645
250.72911,100,3620.988661
239.07321,100,3620.988676
240.48875,100,3620.988691
250.1584,100,3634.681284
161.51308,100,3634.681356
203.08897,100,3634.681368
237.19104,100,3634.681378
232.57697,100,3634.681388
228.35336,100,3634.681397
181.69926,100,3634.681406
216.85284,100,3634.681415
196.20131,100,3658.011627
215.29175,100,3658.011702
195.26291,100,3658.011715
198.36632,100,3658.011725
208.83856,100,3658.011734
231.43542,100,3658.011743
246.06715,100,3658.011751
214.93831,100,3658.01176
223.10495,100,3671.185091
256.90076,100,3671.185181
263.5214,100,3671.185201
215.08937,100,3671.185216
229.97847,100,3671.185231
199.09729,100,3671.185245
226.10294,100,3671.185259
223.0463,100,3671.185273
314.73547,100,3695.593873
221.55278,100,3695.593963
231.76529,100,3695.593984
216.92578,100,3695.594
240.19476,100,3695.594016
197.98257,100,3695.594032
248.0432,100,3695.594047
225.94734,100,3695.594062
224.99324,100,3718.692328
255.44907,100,3718.692404
224.72299,100,3718.692417
225.9247,100,3718.692427
252.08492,100,3718.692436
251.908,100,3718.692445
218.0003,100,3718.692454
213.2833,100,3718.692462
206.48404,100,3732.398599
233.69273,100,3732.398674
183.92554,100,3732.398688
176.06581,100,3732.398698
215.21056,100,3732.398707
212.3911,100,3732.398717
223.90558,100,3732.398726
214.27188,100,3732.398735
217.6263,100,3754.988492
222.433,100,3754.988583
244.07254,100,3754.988605
185.31828,100,3754.988622
249.05746,100,3754.988639
206.38997,100,3754.988654
225.51596,100,3754.98867
251.30847,100,3754.988685
237.62784,100,3768.520949
241.83777,100,3768.521021
197.64651,100,3768.521033
215.59929,100,3768.521042
222.60997,100,3768.521051
234.68578,100,3768.52106
217.5421,100,3768.521068
258.1368,100,3768.521077
224.46071,100,3792.706614
250.17929,100,3792.706712
232.39331,100,3792.706733
222.94186,100,3792.70675
253.21388,100,3792.706766
192.37962,100,3792.706782
217.72867,100,3792.706797
240.05832,100,3792.706822
209.71036,100,3806.270707
242.86009,100,3806.270797
240.34087,100,3806.270833
205.41898,100,3806.27085
229.0347,100,3806.270867
210.00183,100,3806.270882
211.83179,100,3806.270898
163.28775,100,3806.270914
204.4428,100,3829.228405
242.37933,100,3829.228498
237.14377,100,3829.22852
226.9885,100,3829.228537
227.02213,100,3829.228553
216.52026,100,3829.228568
228.31633,100,3829.228584
259.8625,100,3829.228599
238.84308,100,3844.759131
241.72731,100,3844.759205
248.93237,100,3844.759217
216.35367,100,3844.759225
233.59569,100,3844.759233
228.88455,100,3844.759241
153.64978,100,3844.759249
211.02982,100,3844.759257
244.50217,100,3867.018116
245.60709,100,3867.018193
204.10455,100,3867.018206
182.92087,100,3867.018216
161.60898,100,3867.018225
210.34859,100,3867.018234
247.36494,100,3867.018242
230.44125,100,3867.018251
223.95659,100,3889.641062
255.23546,100,3889.64116
165.97662,100,3889.641184
232.2104,100,3889.641201
189.75,100,3889.641218
224.42934,100,3889.641235
193.95866,100,3889.641251
243.43129,100,3889.641267
201.09534,100,3903.619421
233.03902,100,3903.619509
231.64029,100,3903.619531
251.79022,100,3903.619549
214.34424,100,3903.619565
213.05736,100,3903.619581
218.7909,100,3903.619597
207.67589,100,3903.619613
208.04884,100,3926.359657
224.79813,100,3926.359735
245.32878,100,3926.359748
242.3096,100,3926.359758
168.68977,100,3926.359767
187.73543,100,3926.359776
206.48001,100,3926.359785
243.47481,100,3926.359794
221.60901,100,3939.70449
221.93654,100,3939.704563
219.61989,100,3939.704576
221.0894,100,3939.704585
229.9148,100,3939.704594
208.30736,100,3939.704603
223.76558,100,3939.704612
240.0516,100,3939.704633
232.53967,100,3962.963411
215.35036,100,3962.9635
218.97664,100,3962.963523
248.006,100,3962.96354
233.14085,100,3962.963556
263.0188,100,3962.963572
196.93192,100,3962.963588
247.32202,100,3962.963604
173.19429,100,3976.860257
225.18509,100,3976.860335
239.92342,100,3976.860347
222.28761,100,3976.860357
225.81953,100,3976.860366
215.37573,100,3976.860374
217.00047,100,3976.860383
253.71034,100,3976.860392
244.73792,100,3999.392058
211.16202,100,3999.392132
206.4153,100,3999.392144
221.77074,100,3999.392153
214.69675,100,3999.392162
170.15625,100,3999.39217
223.97772,100,3999.392179
162.50563,100,3999.392188
219.85425,100,4021.827794
237.10925,100,4021.827898
194.59338,100,4021.827923
173.84161,100,4021.82794
179.26514,100,4021.827957
212.41858,100,4021.827974
189.17264,100,4021.827989
238.15453,100,4021.828005
210.5695,100,4036.288476
261.32037,100,4036.288571
242.70541,100,4036.288593
250.52383,100,4036.28861
211.63727,100,4036.288626
216.18713,100,4036.288642
216.33467,100,4036.288658
239.78006,100,4036.288674
221.42732,100,4059.392841
241.42154,100,4059.392918
165.27835,100,4059.392932
231.9245,100,4059.392942
212.90001,100,4059.392951
211.54091,100,4059.39296
225.06786,100,4059.392969
255.91637,100,4059.392979
181.077,100,4072.235084
197.9792,100,4072.23516
216.02475,100,4072.235173
155.1528,100,4072.235182
202.09492,100,4072.235191
233.92575,100,4072.2352
188.0488,100,4072.235209
204.08336,100,4072.235218
207.61276,100,4095.110013
229.38205,100,4095.110087
191.51826,100,4095.1101
246.69366,100,4095.11011
236.1659,100,4095.110119
200.30528,100,4095.110128
215.55072,100,4095.110137
215.74825,100,4095.110145
181.141,100,4108.741922
173.23732,100,4108.741997
231.34207,100,4108.74201
235.10979,100,4108.74202
206.17229,100,4108.742028
230.15224,100,4108.742037
231.2693,100,4108.742046
233.0684,100,4108.742054
192.17717,100,4131.786892
227.3509,100,4131.786983
225.11575,100,4131.787005
201.69238,100,4131.787022
194.4232,100,4131.787038
207.15572,100,4131.787054
229.39748,100,4131.78707
191.7549,100,4131.787086
195.2067,100,4144.874525
205.2658,100,4144.874619
204.91563,100,4144.874641
243.14445,100,4144.874657
259.51596,100,4144.874673
202.02826,100,4144.874688
220.17657,100,4144.874703
227.88992,100,4144.874719
250.03831,100,4168.15531
217.89519,100,4168.155382
211.18182,100,4168.155395
239.33455,100,4168.155403
227.607,100,4168.155412
171.37187,100,4168.15542
228.46002,100,4168.155429
201.61005,100,4168.155437
220.43794,100,4191.25
240.85886,100,4191.250078
216.74611,100,4191.250091
220.51682,100,4191.2501
234.13345,100,4191.250109
232.66133,100,4191.250118
181.78827,100,4191.250126
207.21188,100,4191.250135
243.46048,100,4205.111151
216.42967,100,4205.111227
236.5276,100,4205.111239
228.0428,100,4205.111248
224.30571,100,4205.111257
218.41734,100,4205.111265
234.43558,100,4205.111274
252.52785,100,4205.111282
232.07082,100,4227.96619
350.5956,100,4227.966265
221.20859,100,4227.966278
236.69788,100,4227.966288
244.89978,100,4227.966296
171.52524,100,4227.966305
236.64061,100,4227.966313
402.94226,100,4227.966321
235.33691,100,4241.485595
186.25026,100,4241.485688
153.9973,100,4241.48571
217.49223,100,4241.485728
226.27458,100,4241.485744
209.29324,100,4241.48576
178.7049,100,4241.485776
255.19461,100,4241.485792
244.8878,100,4266.032155
215.00778,100,4266.032243
207.62695,100,4266.032263
231.37518,100,4266.032278
230.80382,100,4266.032293
229.45956,100,4266.032308
205.13602,100,4266.032322
232.48723,100,4266.032336
230.14305,100,4279.664477
222.955,100,4279.664554
197.70427,100,4279.664567
236.6955,100,4279.664576
203.02008,100,4279.664584
227.93735,100,4279.664593
241.22807,100,4279.664601
226.53488,100,4279.664609
206.97208,100,4302.854352
226.61255,100,4302.854444
214.31093,100,4302.854466
187.98497,100,4302.854484
249.08284,100,4302.8545
205.31177,100,4302.854516
232.66093,100,4302.854532
236.1069,100,4302.854548
240.956,100,4325.843257
232.05313,100,4325.843358
194.87257,100,4325.843371
232.64806,100,4325.843381
248.16682,100,4325.84339
220.27252,100,4325.843399
228.35896,100,4325.843407
222.49323,100,4325.843416
244.59563,100,4338.805796
227.07332,100,4338.805882
241.96074,100,4338.805895
235.84529,100,4338.805904
246.66617,100,4338.805913
194.6716,100,4338.805922
230.43875,100,4338.805931
225.10172,100,4338.805939
246.20316,100,4362.13217
225.66331,100,4362.132246
240.49802,100,4362.132259
235.54259,100,4362.132269
154.88664,100,4362.132278
227.67557,100,4362.132288
220.8624,100,4362.132297
203.69073,100,4362.132306
192.84889,100,4375.572616
246.51491,100,4375.572702
243.014,100,4375.572725
222.39273,100,4375.572742
244.60495,100,4375.572758
222.57205,100,4375.57278
220.0738,100,4375.572796
210.33987,100,4375.57282
239.86516,100,4399.852992
220.01384,100,4399.853082
244.86911,100,4399.853103
247.04634,100,4399.85312
199.39848,100,4399.853135
232.5879,100,4399.85315
234.77942,100,4399.853166
205.63885,100,4399.853181
228.70769,100,4414.135452
203.1458,100,4414.135522
190.04703,100,4414.135533
224.98602,100,4414.135542
230.99266,100,4414.13555
233.22325,100,4414.135558
226.76778,100,4414.135566
188.66034,100,4414.135574
228.51308,100,4436.648535
211.83228,100,4436.648628
235.6156,100,4436.64865
197.56277,100,4436.648667
231.73587,100,4436.648684
189.35814,100,4436.6487
220.40045,100,4436.648715
202.61311,100,4436.648731
209.77538,100,4449.611925
242.87859,100,4449.612018
211.16742,100,4449.61204
239.05347,100,4449.612057
235.52567,100,4449.612073
238.65964,100,4449.612088
236.95755,100,4449.612104
231.2861,100,4449.61212
204.44293,100,4472.19307
223.72043,100,4472.193149
234.82404,100,4472.19316
249.444,100,4472.193169
267.2455,100,4472.193177
231.71405,100,4472.193185
213.87224,100,4472.193194
207.3721,100,4472.193202
231.66846,100,4495.511679
239.43088,100,4495.511754
209.9329,100,4495.511765
244.84492,100,4495.511774
235.52023,100,4495.511783
233.46568,100,4495.511791
251.36865,100,4495.511799
233.58606,100,4495.511807
256.86176,100,4510.2884
246.20705,100,4510.288492
361.22974,100,4510.288514
235.78374,100,4510.288531
231.00238,100,4510.288546
245.09819,100,4510.288562
228.0088,100,4510.288577
227.70213,100,4510.288593
247.69548,100,4534.273485
230.22223,100,4534.273579
182.64233,100,4534.273602
205.41147,100,4534.273618
177.42278,100,4534.273633
212.85121,100,4534.273649
222.58002,100,4534.273664
221.75267,100,4534.27368
232.1329,100,4547.972382
222.08649,100,4547.972476
158.80399,100,4547.972498
189.48946,100,4547.972515
232.20946,100,4547.972532
195.56302,100,4547.972548
234.4241,100,4547.972563
223.59796,100,4547.972579
210.32228,100,4571.563773
242.62433,100,4571.563879
233.00185,100,4571.563901
229.701,100,4571.563918
236.6349,100,4571.563934
252.77403,100,4571.56395
201.90344,100,4571.563966
239.12965,100,4571.563982
228.15266,100,4585.422254
220.28731,100,4585.422327
156.83984,100,4585.422339
225.18503,100,4585.422348
206.8642,100,4585.422356
172.52425,100,4585.422364
212.46317,100,4585.422372
239.91179,100,4585.42238
257.4131,100,4608.114706
188.72343,100,4608.11478
226.29636,100,4608.114792
169.33214,100,4608.114801
143.53404,100,4608.114817
259.4677,100,4608.114828
211.17276,100,4608.114836
198.19388,100,4608.114845
215.11815,100,4630.711434
193.80591,100,4630.711507
218.93639,100,4630.71152
216.61531,100,4630.711529
224.98964,100,4630.711538
230.81345,100,4630.711546
230.68665,100,4630.711555
214.92046,100,4630.711563
245.15866,100,4644.173522
233.85039,100,4644.173615
230.40813,100,4644.173638
230.89255,100,4644.173655
209.58472,100,4644.173671
212.59247,100,4644.173687
217.56654,100,4644.173702
237.78821,100,4644.173718
217.40031,100,4668.725971
211.81982,100,4668.726046
230.3469,100,4668.726058
255.22762,100,4668.726068
248.96721,100,4668.726076
242.83264,100,4668.726085
234.06264,100,4668.726093
210.14104,100,4668.7261
240.72989,100,4682.208924
234.71764,100,4682.209015
255.34485,100,4682.209037
252.35365,100,4682.209074
255.16522,100,4682.209091
252.72075,100,4682.209107
203.02382,100,4682.209123
217.8517,100,4682.209139
219.22597,100,4705.236686
244.92172,100,4705.236759
243.4193,100,4705.236771
198.93527,100,4705.23678
217.66382,100,4705.236789
219.02614,100,4705.236798
165.21657,100,4705.236806
210.36377,100,4705.236825
241.0591,100,4718.200565
253.36302,100,4718.200658
242.46022,100,4718.20068
229.82178,100,4718.200697
205.28505,100,4718.200712
249.64532,100,4718.200728
227.31442,100,4718.200743
225.12114,100,4718.200759
245.85493,100,4741.065004
273.04117,100,4741.065095
252.53427,100,4741.065117
226.67072,100,4741.065134
309.24686,100,4741.06515
227.41681,100,4741.065166
207.97737,100,4741.065181
233.43192,100,4741.065197
238.47852,100,4753.772679
191.38417,100,4753.772773
237.77328,100,4753.772795
205.97789,100,4753.772821
243.94897,100,4753.772842
183.32655,100,4753.772858
209.06306,100,4753.772874
231.51646,100,4753.772889
246.65208,100,4776.224452
243.21217,100,4776.224542
163.52405,100,4776.224564
234.75703,100,4776.224581
205.38019,100,4776.224597
247.47987,100,4776.224613
182.38293,100,4776.224629
214.51096,100,4776.224644
191.98048,100,4799.201974
232.16881,100,4799.202062
168.79353,100,4799.202084
250.58807,100,4799.202102
216.63113,100,4799.202118
205.2113,100,4799.202134
233.77003,100,4799.20215
224.85818,100,4799.202166
254.54268,100,4814.60632
244.23277,100,4814.606414
205.12766,100,4814.606437
229.48071,100,4814.606454
244.74947,100,4814.606471
150.0507,100,4814.606487
220.58092,100,4814.606503
249.8015,100,4814.606519
239.59021,100,4838.062243
251.08574,100,4838.062337
219.54218,100,4838.062361
206.61221,100,4838.06238
251.12108,100,4838.062397
239.1429,100,4838.062414
159.69232,100,4838.062433
179.33122,100,4838.062449
234.45758,100,4851.020352
238.38136,100,4851.020445
203.8616,100,4851.020467
253.53851,100,4851.020484
246.24512,100,4851.0205
246.22047,100,4851.020516
170.61516,100,4851.020532
238.41017,100,4851.020548
236.45445,100,4873.578675
246.40742,100,4873.578763
253.34251,100,4873.578785
222.35797,100,4873.578802
239.59227,100,4873.578835
240.41988,100,4873.578852
209.87761,100,4873.578869
231.71898,100,4873.578885
230.14897,100,4886.587849
185.45981,100,4886.587939
218.90529,100,4886.58796
243.7307,100,4886.587978
251.3198,100,4886.587994
194.75655,100,4886.588009
244.15843,100,4886.588026
225.85187,100,4886.588041
248.38351,100,4910.888446
219.57535,100,4910.888529
197.40294,100,4910.888548
245.80695,100,4910.888563
234.00339,100,4910.888578
248.7648,100,4910.888592
264.2938,100,4910.888606
256.81232,100,4910.88862
224.44958,100,4934.394358
237.97537,100,4934.394428
192.36343,100,4934.394439
258.9879,100,4934.394448
235.67221,100,4934.394457
236.93416,100,4934.394466
225.98141,100,4934.394474
228.03488,100,4934.394482
210.59871,100,4947.585241
209.67464,100,4947.585321
234.0927,100,4947.585332
209.63185,100,4947.585341
222.51413,100,4947.585349
133.89148,100,4947.585357
233.0362,100,4947.585365
259.2835,100,4947.585374
245.64981,100,4970.745751
236.21301,100,4970.745837
240.79861,100,4970.745851
224.1628,100,4970.74586
230.02722,100,4970.745868
229.81487,100,4970.745877
257.94482,100,4970.745885
222.19702,100,4970.745893
262.39984,100,4983.545366
230.09988,100,4983.545454
225.90068,100,4983.545475
169.48488,100,4983.545492
244.4918,100,4983.545508
235.55573,100,4983.545524
253.28912,100,4983.54554
209.21935,100,4983.545556
232.07349,100,5007.055238
155.7824,100,5007.05533
254.58255,100,5007.055352
209.74031,100,5007.05537
242.62799,100,5007.055387
225.0628,100,5007.055404
245.70297,100,5007.055421
213.37076,100,5007.055438
175.78978,100,5020.455052
229.84189,100,5020.455127
238.58975,100,5020.455138
220.28618,100,5020.455148
202.22418,100,5020.455156
238.72206,100,5020.455165
200.86583,100,5020.455174
250.89456,100,5020.455183
179.33667,100,5043.528411
167.89584,100,5043.528499
246.03043,100,5043.528521
239.49155,100,5043.528537
248.82758,100,5043.528581
236.06866,100,5043.528598
229.48819,100,5043.528614
229.69968,100,5043.528629
246.37627,100,5058.435327
244.30704,100,5058.435417
191.63057,100,5058.435439
221.74686,100,5058.435456
222.781,100,5058.435472
248.97832,100,5058.435488
195.66742,100,5058.435503
243.20563,100,5058.435519
195.59659,100,5082.118092
213.24881,100,5082.118166
244.81049,100,5082.118178
164.3831,100,5082.118187
252.83722,100,5082.118196
212.8596,100,5082.118204
242.98833,100,5082.118212
219.68605,100,5082.11822
149.28738,100,5105.074421
239.93042,100,5105.074513
228.93765,100,5105.07454
252.03683,100,5105.074559
178.62062,100,5105.074577
356.27765,100,5105.074594
232.87105,100,5105.07461
221.22807,100,5105.074626
207.12834,100,5118.631437
241.83682,100,5118.631508
334.3115,100,5118.63152
236.4331,100,5118.631529
206.7458,100,5118.631537
199.51453,100,5118.631546
252.56297,100,5118.631554
222.24643,100,5118.631563
222.81808,100,5141.244998
238.77606,100,5141.245092
226.0282,100,5141.245114
223.48251,100,5141.245132
236.11919,100,5141.245148
224.17099,100,5141.245164
208.9145,100,5141.24518
228.60713,100,5141.245196
194.37549,100,5155.925296
243.05418,100,5155.925372
247.109,100,5155.925384
242.1263,100,5155.925394
233.02087,100,5155.925403
236.04405,100,5155.925412
212.15947,100,5155.925421
237.24379,100,5155.925429
193.48624,100,5178.598537
253.94495,100,5178.598611
210.70145,100,5178.598622
220.49338,100,5178.598631
219.40622,100,5178.598639
205.1251,100,5178.598648
383.53836,100,5178.598656
252.67299,100,5178.598665
227.56796,100,5192.562554
236.51796,100,5192.562628
215.60564,100,5192.562639
223.66728,100,5192.562649
238.95706,100,5192.562657
229.94978,100,5192.562665
218.1585,100,5192.562674
239.067,100,5192.562682
178.22108,100,5216.884145
212.30583,100,5216.884238
219.16,100,5216.88426
196.38486,100,5216.884278
222.69234,100,5216.884294
218.31776,100,5216.884309
217.39548,100,5216.884325
252.79187,100,5216.884341
226.32408,100,5240.288421
251.18155,100,5240.28851
256.835,100,5240.288533
233.19096,100,5240.288552
155.10292,100,5240.288568
244.27452,100,5240.288584
220.6007,100,5240.2886
169.59074,100,5240.288617
219.1617,100,5253.024275
227.72289,100,5253.024348
223.95026,100,5253.02436
240.23428,100,5253.024369
232.94803,100,5253.024378
241.60538,100,5253.024387
252.57697,100,5253.024396
212.43773,100,5253.024405
143.02959,100,5277.384131
241.7606,100,5277.384191
250.21417,100,5277.384202
204.50948,100,5277.384211
237.78075,100,5277.384219
240.9378,100,5277.384228
245.82353,100,5277.384236
234.00961,100,5277.384244
225.0214,100,5292.512043
243.38124,100,5292.512125
198.76732,100,5292.512148
246.24403,100,5292.512166
232.03929,100,5292.512183
235.36516,100,5292.512199
222.766,100,5292.512215
221.72244,100,5292.51223
232.49121,100,5316.503892
228.6855,100,5316.503964
217.05748,100,5316.503976
227.82454,100,5316.503986
359.61096,100,5316.503995
235.47934,100,5316.504004
203.06155,100,5316.504013
230.65129,100,5316.504021
169.60422,100,5332.246015
202.02051,100,5332.246109
221.05568,100,5332.246131
223.34094,100,5332.246148
238.41415,100,5332.246164
257.43564,100,5332.24618
256.5932,100,5332.246196
232.74243,100,5332.246211
263.26184,100,5357.538445
249.86877,100,5357.53854
259.3202,100,5357.538561
228.86963,100,5357.538577
240.35194,100,5357.538592
243.57108,100,5357.538607
197.35242,100,5357.538622
228.94933,100,5357.538637
222.61552,100,5371.934119
204.02562,100,5371.934197
247.26031,100,5371.93421
234.02364,100,5371.934219
219.4732,100,5371.934228
222.166,100,5371.934237
160.89389,100,5371.934245
215.11705,100,5371.934254
230.37611,100,5396.007949
204.2435,100,5396.008022
211.84256,100,5396.008035
295.3812,100,5396.008045
199.49553,100,5396.008054
177.64267,100,5396.008064
240.15704,100,5396.008073
212.56516,100,5396.008082
169.71742,100,5420.009063
242.71829,100,5420.009141
227.68666,100,5420.009153
251.15533,100,5420.009163
214.34415,100,5420.009171
232.15205,100,5420.009207
224.1447,100,5420.009216
229.42,100,5420.009225
249.7197,100,5433.618493
259.95905,100,5433.618588
240.7023,100,5433.618611
224.95126,100,5433.618629
238.15475,100,5433.618645
228.4273,100,5433.618661
235.18474,100,5433.618677
243.8223,100,5433.618692
211.5894,100,5456.3441
238.84738,100,5456.344178
243.32559,100,5456.344191
208.1099,100,5456.344201
229.814,100,5456.344211
236.729,100,5456.34422
207.65343,100,5456.344229
242.31949,100,5456.344238
223.5849,100,5469.814669
255.39311,100,5469.814748
252.20032,100,5469.814761
225.25928,100,5469.814771
244.53464,100,5469.81478
260.2297,100,5469.81479
232.71877,100,5469.814799
242.55515,100,5469.814808
252.14256,100,5494.191396
249.85667,100,5494.191467
204.62787,100,5494.191479
244.97432,100,5494.191488
196.34863,100,5494.191496
200.32405,100,5494.191505
235.94342,100,5494.191513
243.99359,100,5494.191521
231.8721,100,5508.854685
191.21101,100,5508.854766
261.24493,100,5508.85478
192.27177,100,5508.85479
232.6227,100,5508.8548
247.42354,100,5508.854816
217.18417,100,5508.85483
227.66086,100,5508.854839
210.45291,100,5534.079428
241.36143,100,5534.079524
244.02068,100,5534.079545
238.24533,100,5534.07956
295.68872,100,5534.079575
225.5959,100,5534.07959
245.7737,100,5534.079605
205.56418,100,5534.079619
220.61543,100,5557.671581
261.97144,100,5557.671652
245.22635,100,5557.671664
251.79684,100,5557.671674
249.74802,100,5557.671683
231.03848,100,5557.671691
234.48196,100,5557.6717
241.997,100,5557.671709
250.52725,100,5572.350662
208.46709,100,5572.350746
239.76088,100,5572.35076
242.99025,100,5572.35077
237.38522,100,5572.350779
225.2059,100,5572.350788
244.8444,100,5572.350797
218.64438,100,5572.350806
243.59111,100,5596.247118
264.47595,100,5596.247194
217.65953,100,5596.247208
236.87834,100,5596.247217
233.68623,100,5596.247226
246.12062,100,5596.247236
230.49811,100,5596.247244
264.6837,100,5596.247253
215.96474,100,5609.033863
249.18239,100,5609.033955
243.62643,100,5609.033978
183.73566,100,5609.033994
253.37524,100,5609.03401
232.26872,100,5609.034026
218.95543,100,5609.034042
221.36887,100,5609.034058
237.0069,100,5632.067695
255.3382,100,5632.067771
253.52911,100,5632.067784
214.61613,100,5632.067793
233.58897,100,5632.067802
222.65164,100,5632.067818
234.14348,100,5632.067831
219.57573,100,5632.06784
267.08304,100,5646.17501
206.4208,100,5646.175082
209.88239,100,5646.175095
222.76845,100,5646.175104
267.78372,100,5646.175113
209.22356,100,5646.175121
222.56299,100,5646.17513
230.81859,100,5646.175138
223.27023,100,5668.850599
242.92398,100,5668.850671
213.29045,100,5668.850683
194.24846,100,5668.850692
270.89645,100,5668.8507
222.98888,100,5668.850709
220.28941,100,5668.850718
209.35455,100,5668.850726
205.54681,100,5683.243129
235.43752,100,5683.243206
262.33456,100,5683.243219
233.42265,100,5683.243229
218.60817,100,5683.243238
228.09225,100,5683.243247
207.09436,100,5683.243256
263.77304,100,5683.243265
225.09904,100,5706.152764
238.88092,100,5706.152845
224.93639,100,5706.152858
202.55257,100,5706.152867
257.0258,100,5706.152876
178.87346,100,5706.152885
219.21458,100,5706.152894
260.98648,100,5706.152902
262.96017,100,5728.843093
216.22368,100,5728.843167
226.65955,100,5728.843179
214.34683,100,5728.843188
235.16956,100,5728.843197
197.52722,100,5728.843205
235.50822,100,5728.843214
329.0557,100,5728.843222
242.36043,100,5743.166888
212.15002,100,5743.16698
208.04549,100,5743.167004
243.27171,100,5743.167022
232.28102,100,5743.167039
256.30606,100,5743.167056
213.61514,100,5743.167071
222.01562,100,5743.167088
250.71515,100,5766.973887
204.53091,100,5766.973957
240.80865,100,5766.973971
227.32776,100,5766.973982
228.17676,100,5766.973992
245.24176,100,5766.974003
192.33456,100,5766.974013
222.52264,100,5766.974023
244.40913,100,5781.013764
251.00702,100,5781.013849
247.12971,100,5781.013872
197.85411,100,5781.01389
196.4872,100,5781.013907
205.65515,100,5781.013923
242.76805,100,5781.01394
255.3482,100,5781.013973
177.72401,100,5803.96087
211.93365,100,5803.960956
249.82895,100,5803.960978
257.804,100,5803.960995
210.80502,100,5803.961012
239.56259,100,5803.961028
179.09879,100,5803.961043
264.0309,100,5803.961057
201.2261,100,5818.06453
260.41006,100,5818.06463
263.0748,100,5818.064658
226.45483,100,5818.06468
235.49924,100,5818.0647
229.7395,100,5818.064719
242.97762,100,5818.064739
245.96931,100,5818.064758
255.0061,100,5842.346181
230.42064,100,5842.346254
225.1686,100,5842.346267
215.70494,100,5842.346278
214.04535,100,5842.346288
185.00833,100,5842.346298
151.5033,100,5842.346308
241.64528,100,5842.346318
227.39436,100,5865.461049
222.35614,100,5865.46112
234.72824,100,5865.461133
248.8146,100,5865.461143
238.24083,100,5865.461152
251.40945,100,5865.461161
247.00673,100,5865.461169
256.24594,100,5865.461179
248.96925,100,5879.433002
231.4802,100,5879.433093
232.11725,100,5879.433115
161.26672,100,5879.433133
201.60461,100,5879.433149
362.69052,100,5879.433165
260.8028,100,5879.433181
253.34334,100,5879.433197
247.37457,100,5905.189872
261.06534,100,5905.189952
217.4027,100,5905.189964
234.25578,100,5905.189973
219.38191,100,5905.189981
245.79752,100,5905.18999
225.90112,100,5905.189998
211.91273,100,5905.190007
252.11081,100,5919.600138
217.42459,100,5919.600228
238.16971,100,5919.60025
212.93076,100,5919.600268
213.44682,100,5919.600286
264.66107,100,5919.600303
233.11047,100,5919.600319
263.57068,100,5919.600335
250.64345,100,5942.427175
249.03148,100,5942.427252
223.0699,100,5942.427265
234.34612,100,5942.427275
233.2578,100,5942.427285
246.21896,100,5942.427294
169.70767,100,5942.427304
324.35846,100,5942.427313
231.59776,100,5956.448649
213.32974,100,5956.448741
214.00381,100,5956.448762
185.11502,100,5956.448779
199.2511,100,5956.448795
220.32083,100,5956.448819
221.05788,100,5956.448838
190.30043,100,5956.448853
239.52881,100,5981.192706
248.89334,100,5981.192788
244.84102,100,5981.1928
239.53207,100,5981.192809
243.97163,100,5981.192834
248.91466,100,5981.192843
197.07558,100,5981.192856
220.27994,100,5981.19287
238.39163,100,5996.363391
251.73956,100,5996.363457
239.01828,100,5996.363469
254.6997,100,5996.363478
229.6095,100,5996.363487
182.71886,100,5996.363496
226.13728,100,5996.363504
245.52565,100,5996.363513
215.62944,100,6019.522262
249.60117,100,6019.522334
220.9198,100,6019.522346
247.69725,100,6019.522355
247.52472,100,6019.522363
231.2621,100,6019.522372
205.82213,100,6019.52238
212.68672,100,6019.522389
202.30565,100,6043.383029
224.47678,100,6043.383103
178.74405,100,6043.383116
263.48407,100,6043.383126
223.63802,100,6043.383135
246.84354,100,6043.383144
208.55557,100,6043.383153
223.67047,100,6043.383162
200.82263,100,6057.678781
181.78714,100,6057.67889
252.41933,100,6057.67892
200.05545,100,6057.678938
254.70845,100,6057.678959
251.27803,100,6057.67898
208.579,100,6057.679001
302.7695,100,6057.679024
223.81013,100,6082.059712
202.84477,100,6082.059789
236.6702,100,6082.059802
239.53304,100,6082.059821
180.46423,100,6082.059833
209.51932,100,6082.059842
212.19858,100,6082.059851
275.71494,100,6082.05986
252.85187,100,6095.943536
253.45619,100,6095.943617
179.10388,100,6095.943632
241.24191,100,6095.943644
252.88795,100,6095.943655
283.2386,100,6095.943667
195.20679,100,6095.943678
250.91943,100,6095.94369
165.00354,100,6119.156178
190.81798,100,6119.156246
218.41455,100,6119.156258
232.49023,100,6119.156267
213.38573,100,6119.156275
211.95467,100,6119.156284
254.91592,100,6119.156292
212.59467,100,6119.156301
241.03679,100,6132.151227
233.25998,100,6132.151318
242.54768,100,6132.15134
240.79506,100,6132.151358
202.19954,100,6132.151374
215.00282,100,6132.15139
228.79506,100,6132.151406
243.79787,100,6132.151422
175.12172,100,6155.603014
226.69464,100,6155.60309
246.60498,100,6155.603103
264.01324,100,6155.603113
235.1345,100,6155.603122
213.20663,100,6155.603131
267.0505,100,6155.60314
245.1471,100,6155.603149
259.04785,100,6178.62977
233.79099,100,6178.629857
242.5175,100,6178.629871
172.86847,100,6178.62988
247.14111,100,6178.629889
262.07812,100,6178.629897
250.15475,100,6178.629906
250.19832,100,6178.629915
256.15048,100,6194.351223
198.85606,100,6194.351285
230.99077,100,6194.351297
246.77942,100,6194.351306
192.82045,100,6194.351315
231.541,100,6194.351323
177.62682,100,6194.351331
243.95052,100,6194.35134
255.33557,100,6218.174491
238.28117,100,6218.174577
234.51204,100,6218.174599
220.45529,100,6218.174615
229.63231,100,6218.174632
248.06943,100,6218.174648
240.8117,100,6218.174664
234.27795,100,6218.174679
247.51083,100,6232.837781
225.59036,100,6232.837867
265.95105,100,6232.837881
220.63338,100,6232.837891
216.3341,100,6232.8379
230.48605,100,6232.837909
246.72037,100,6232.837919
253.18248,100,6232.837928
243.54837,100,6256.507494
221.34653,100,6256.507572
338.9029,100,6256.507584
234.47801,100,6256.507593
204.35608,100,6256.507601
251.43405,100,6256.50761
248.92763,100,6256.507618
259.63458,100,6256.507627
224.85735,100,6269.877877
224.10886,100,6269.877962
236.56483,100,6269.877982
226.88686,100,6269.877997
248.74188,100,6269.878012
209.36311,100,6269.878027
259.87924,100,6269.878041
242.50446,100,6269.878055
225.75,100,6293.484831
169.04297,100,6293.484903
260.50058,100,6293.484915
241.15234,100,6293.484925
196.44862,100,6293.484934
240.36908,100,6293.484943
257.01984,100,6293.484952
259.02795,100,6293.484961
251.90538,100,6308.995151
136.16086,100,6308.995223
166.70767,100,6308.995235
202.46669,100,6308.995245
216.46648,100,6308.995255
236.82211,100,6308.995264
233.5311,100,6308.995274
247.33975,100,6308.995283
253.76315,100,6333.30297
223.94205,100,6333.303044
247.03519,100,6333.303057
256.3982,100,6333.303067
220.68309,100,6333.303077
198.24832,100,6333.303086
234.62914,100,6333.303095
201.83864,100,6333.303104
239.90073,100,6356.947174
186.31752,100,6356.947248
213.3857,100,6356.94726
232.75554,100,6356.947269
242.67897,100,6356.947278
237.55959,100,6356.947286
259.05264,100,6356.947295
198.15535,100,6356.947303
246.48225,100,6371.330295
242.66316,100,6371.330393
265.726,100,6371.330416
232.39568,100,6371.330434
184.3166,100,6371.330452
242.34027,100,6371.330469
182.1872,100,6371.330486
258.8484,100,6371.330502
245.45087,100,6394.797549
249.99722,100,6394.797626
255.40646,100,6394.797638
225.0928,100,6394.797647
229.29741,100,6394.797656
179.56462,100,6394.797664
251.38782,100,6394.797673
237.44806,100,6394.797681
201.89252,100,6409.116467
254.05914,100,6409.116562
227.70222,100,6409.116584
230.14905,100,6409.116601
227.83171,100,6409.116616
253.63748,100,6409.116632
241.57889,100,6409.116647
237.98843,100,6409.116663
250.7229,100,6433.482806
176.52455,100,6433.48292
251.25949,100,6433.482933
280.72556,100,6433.482943
247.9993,100,6433.482952
197.70218,100,6433.48296
244.41687,100,6433.482969
248.19897,100,6433.482978
225.7008,100,6449.466096
240.00726,100,6449.466195
246.01991,100,6449.466219
247.3323,100,6449.466235
237.52788,100,6449.46625
242.76244,100,6449.466265
250.33192,100,6449.466279
242.45995,100,6449.466294
228.67413,100,6473.300922
231.77225,100,6473.300997
256.4942,100,6473.30101
237.84209,100,6473.301019
237.19739,100,6473.301027
225.49808,100,6473.301035
252.21222,100,6473.301044
209.53252,100,6473.301052
210.52243,100,6498.358798
242.94394,100,6498.358885
266.5649,100,6498.358897
192.41737,100,6498.358907
243.91827,100,6498.358916
245.49074,100,6498.358924
221.33191,100,6498.358933
234.2148,100,6498.358941
211.52824,100,6512.607359
222.36147,100,6512.60745
291.56076,100,6512.607471
253.84492,100,6512.607487
240.9629,100,6512.607502
222.82013,100,6512.607517
266.4092,100,6512.607531
222.97473,100,6512.607546
233.0464,100,6535.503986
252.37163,100,6535.504055
223.55942,100,6535.504068
223.21997,100,6535.504077
216.08778,100,6535.504086
187.2049,100,6535.504095
241.28963,100,6535.504104
164.59937,100,6535.504113
253.45837,100,6549.286546
212.44063,100,6549.286622
190.7297,100,6549.286652
220.54329,100,6549.286662
232.11102,100,6549.286671
241.14336,100,6549.286679
214.12854,100,6549.286688
202.71951,100,6549.286697
186.61543,100,6573.032076
281.9607,100,6573.03215
228.0084,100,6573.032164
253.59068,100,6573.032173
214.91849,100,6573.032183
221.86957,100,6573.032192
223.12737,100,6573.032201
219.88484,100,6573.032211
292.36203,100,6588.922733
224.12462,100,6588.92284
242.47368,100,6588.922861
266.35947,100,6588.922877
232.36365,100,6588.92289
206.7085,100,6588.922904
261.80908,100,6588.922917
232.58855,100,6588.92293
221.26678,100,6612.728991
231.46875,100,6612.729093
257.1215,100,6612.729116
228.84233,100,6612.729134
227.72565,100,6612.729153
226.88358,100,6612.729169
287.17764,100,6612.729185
223.41089,100,6612.7292
143.07211,100,6625.778199
230.98882,100,6625.778291
223.77565,100,6625.778313
181.94736,100,6625.77833
193.1168,100,6625.778347
213.18428,100,6625.778363
228.42249,100,6625.778379
259.73215,100,6625.778395
240.18481,100,6648.967755
243.57129,100,6648.967837
231.22484,100,6648.967853
228.46497,100,6648.967863
254.17955,100,6648.967872
238.96858,100,6648.967882
251.41794,100,6648.967891
263.02948,100,6648.9679
253.84311,100,6672.858515
221.3104,100,6672.858609
248.17224,100,6672.858631
237.839,100,6672.85865
239.52724,100,6672.858667
286.52493,100,6672.858685
252.18452,100,6672.858701
172.97713,100,6672.858719
199.16214,100,6686.696139
225.82343,100,6686.696213
162.12785,100,6686.696226
225.45251,100,6686.696236
242.51683,100,6686.696245
236.45773,100,6686.696254
234.9798,100,6686.696263
249.72673,100,6686.696271
212.9667,100,6710.567583
310.813,100,6710.567683
251.09485,100,6710.567708
240.48161,100,6710.567727
264.15646,100,6710.567745
236.55974,100,6710.567763
208.52011,100,6710.56778
247.67767,100,6710.567798
253.24834,100,6724.228607
229.316,100,6724.228697
238.5365,100,6724.228719
179.45992,100,6724.228736
243.48212,100,6724.228753
208.33185,100,6724.22877
237.06197,100,6724.228786
226.96971,100,6724.228802
232.66565,100,6747.997046
229.4554,100,6747.997118
254.97166,100,6747.997131
211.72098,100,6747.997141
252.98232,100,6747.997151
248.90466,100,6747.99716
221.69586,100,6747.997169
244.50812,100,6747.997178
225.06831,100,6761.986094
232.02289,100,6761.986175
259.12845,100,6761.986188
244.86221,100,6761.986198
223.26953,100,6761.986207
224.23181,100,6761.986216
211.51721,100,6761.986224
381.38156,100,6761.986233
254.06345,100,6785.514307
237.2442,100,6785.514388
227.54054,100,6785.514404
247.42001,100,6785.514416
240.58218,100,6785.514428
241.8666,100,6785.51444
221.79422,100,6785.514452
245.50601,100,6785.514463
250.33215,100,6808.942881
238.94621,100,6808.942955
213.40097,100,6808.942968
186.76288,100,6808.942977
250.70442,100,6808.942986
242.81097,100,6808.942995
276.67566,100,6808.943003
192.66443,100,6808.943012
238.87334,100,6822.308789
277.28265,100,6822.3089
221.72241,100,6822.308922
238.65434,100,6822.308939
237.69255,100,6822.308954
224.66594,100,6822.30897
239.79716,100,6822.308985
247.21114,100,6822.309
201.50958,100,6846.073802
173.18193,100,6846.073887
229.09306,100,6846.0739
238.56296,100,6846.07391
226.53925,100,6846.073919
199.00865,100,6846.073928
249.53175,100,6846.073937
207.05516,100,6846.073946
230.92244,100,6862.123327
180.46336,100,6862.123397
222.63802,100,6862.123409
252.52925,100,6862.123419
257.54437,100,6862.123428
255.01591,100,6862.123437
239.02159,100,6862.123446
231.21097,100,6862.123455
251.02731,100,6885.297477
259.24954,100,6885.297548
231.8472,100,6885.297561
234.28581,100,6885.29757
209.21205,100,6885.297579
202.78226,100,6885.297588
210.73991,100,6885.297596
208.76715,100,6885.297605
243.34135,100,6898.903774
240.72739,100,6898.903875
242.47769,100,6898.903896
254.9107,100,6898.903912
251.67508,100,6898.903927
209.48256,100,6898.903942
202.4158,100,6898.903957
223.15791,100,6898.903971
204.02246,100,6924.286488
227.94221,100,6924.286561
251.20119,100,6924.286572
230.72243,100,6924.286596
150.65993,100,6924.286605
235.25267,100,6924.286613
250.66315,100,6924.286621
253.94383,100,6924.286629
240.68956,100,6938.003601
180.44675,100,6938.003693
216.70506,100,6938.003716
235.32898,100,6938.003733
254.6349,100,6938.003749
244.35594,100,6938.003765
246.90805,100,6938.003781
234.18668,100,6938.003797
245.11067,100,6961.395411
219.7137,100,6961.395483
184.0144,100,6961.395495
232.08449,100,6961.395504
201.7358,100,6961.395514
212.03706,100,6961.395522
255.61641,100,6961.395531
197.24513,100,6961.39554
259.64496,100,6986.012612
255.03543,100,6986.012691
255.82532,100,6986.012704
191.07967,100,6986.012714
252.78937,100,6986.012723
226.00899,100,6986.012733
214.6037,100,6986.012742
237.12852,100,6986.012751
207.76003,100,7002.440961
244.4816,100,7002.441042
233.4845,100,7002.441055
215.5883,100,7002.441064
241.53996,100,7002.441072
265.9224,100,7002.441081
265.11118,100,7002.441089
236.58926,100,7002.441098
246.07364,100,7026.964405
240.91858,100,7026.964499
225.69931,100,7026.964521
171.49539,100,7026.964538
171.46194,100,7026.964555
236.74144,100,7026.964571
208.29497,100,7026.964587
253.04095,100,7026.964602
246.40454,100,7040.55744
230.92973,100,7040.557532
239.25386,100,7040.557555
236.26398,100,7040.557573
222.06264,100,7040.557589
226.93619,100,7040.557605
219.8078,100,7040.557621
150.35402,100,7040.557637
237.02875,100,7064.561242
227.02461,100,7064.561318
227.8158,100,7064.561331
224.83676,100,7064.561341
249.30316,100,7064.56135
219.25613,100,7064.561358
226.9116,100,7064.561367
246.83708,100,7064.561376
239.9581,100,7079.040668
259.49707,100,7079.04074
241.76385,100,7079.040753
220.42348,100,7079.040763
231.62434,100,7079.040772
237.80495,100,7079.040781
155.0774,100,7079.04079
241.43863,100,7079.040799
