success_terminal,grasp_without_lift,slipped_after_lift,grasp_loss,late_success_timing,stable_then_dropped,peak_height
False,False,False,False,-1,False,0.2050057202577591
False,False,False,False,-1,False,0.20500802993774414
False,False,False,False,-1,False,0.2050057053565979
False,False,False,False,-1,False,0.20500576496124268
False,False,False,False,-1,False,0.2087956815958023
False,False,False,False,-1,False,0.20500575006008148
False,False,False,False,-1,False,0.2050056904554367
False,False,False,False,-1,False,0.2050056904554367
False,False,False,False,-1,False,0.20500577986240387
False,False,False,False,-1,False,0.20500576496124268
False,False,False,False,-1,False,0.2050056904554367
False,False,False,False,-1,False,0.2050056755542755
False,False,False,False,-1,False,0.20500577986240387
False,False,False,False,-1,False,0.2080366611480713
False,False,False,False,-1,False,0.20882798731327057
False,False,False,False,-1,False,0.20727790892124176
False,False,False,False,-1,False,0.2120599001646042
False,False,False,False,-1,False,0.21204061806201935
False,False,False,False,-1,False,0.2050057351589203
False,False,False,False,-1,False,0.21197660267353058
False,True,False,False,-1,False,0.16185574233531952
False,False,False,False,-1,False,0.12101118266582489
False,False,False,False,-1,False,0.12101110816001892
False,False,False,False,-1,False,0.12101120501756668
False,False,True,False,-1,False,0.33949583768844604
True,False,False,False,49,False,0.3950134515762329
False,False,True,True,-1,True,0.386599063873291
True,False,False,True,81,True,0.3583722412586212
False,False,False,False,-1,False,0.12101120501756668
False,False,False,False,-1,False,0.1210111677646637
True,False,False,True,82,True,0.3502846658229828
False,False,False,False,-1,False,0.1210111528635025
False,False,False,False,-1,False,0.12101118266582489
False,False,False,False,-1,False,0.1210111603140831
True,False,False,False,45,False,0.38859835267066956
True,False,False,False,82,False,0.30498620867729187
False,True,False,True,-1,True,0.1210111677646637
False,False,False,False,-1,False,0.12101118266582489
False,False,False,False,-1,False,0.1210111528635025
False,False,False,False,-1,False,0.12101119011640549
False,False,False,False,-1,False,0.09569155424833298
False,False,False,False,-1,False,0.0956914871931076
False,False,False,False,-1,False,0.09569145739078522
False,False,False,False,-1,False,0.0956915095448494
False,False,False,False,-1,False,0.09569155424833298
True,False,False,False,99,False,0.31524062156677246
False,False,False,False,-1,False,0.09769285470247269
False,False,False,False,-1,False,0.09572122246026993
True,False,False,False,98,False,0.28219547867774963
False,False,False,False,-1,False,0.09569154679775238
False,False,False,False,-1,False,0.09569155424833298
False,False,False,False,-1,False,0.09779844433069229
False,True,False,True,-1,True,0.12350241094827652
False,False,False,False,-1,False,0.10616279393434525
False,False,False,False,-1,False,0.096524678170681
False,True,False,False,-1,False,0.24381673336029053
False,False,False,False,-1,False,0.09870895743370056
False,False,False,False,-1,False,0.09569152444601059
False,False,False,False,-1,False,0.09748008102178574
False,False,False,False,-1,False,0.09569152444601059
False,False,False,False,-1,False,0.13121218979358673
False,False,False,False,-1,False,0.13121221959590912
False,True,False,True,-1,True,0.1312122493982315
False,True,False,True,-1,True,0.205121248960495
False,False,True,True,-1,True,0.43793460726737976
False,True,False,True,-1,True,0.2478807121515274
False,True,False,True,-1,True,0.1539725959300995
False,False,True,True,-1,True,0.298902302980423
True,False,False,False,91,False,0.36060744524002075
True,False,False,True,67,True,0.4283458888530731
True,False,False,False,43,False,0.376146137714386
False,False,False,False,-1,False,0.1312122344970703
False,False,False,False,-1,False,0.13121218979358673
False,False,False,False,-1,False,0.1312122344970703
False,False,False,False,-1,False,0.13121218979358673
False,True,False,True,-1,True,0.18190975487232208
False,False,False,False,-1,False,0.14722612500190735
False,False,False,False,-1,False,0.1312122344970703
False,True,False,True,-1,True,0.13121221959590912
False,True,False,True,-1,True,0.2452130913734436
False,False,False,False,-1,False,0.1867801696062088
False,False,False,False,-1,False,0.18678018450737
False,False,False,False,-1,False,0.1867801547050476
False,False,False,False,-1,False,0.18678011000156403
False,False,False,False,-1,False,0.18678012490272522
False,False,False,False,-1,False,0.18678012490272522
False,True,False,True,-1,True,0.18769671022891998
False,False,True,True,-1,True,0.3420674204826355
False,False,True,False,-1,False,0.3091447949409485
False,False,False,False,-1,False,0.1867801696062088
False,False,False,False,-1,False,0.18678009510040283
False,False,False,False,-1,False,0.18678009510040283
False,False,False,False,-1,False,0.18678012490272522
False,False,True,False,-1,False,0.3209686577320099
False,False,False,False,-1,False,0.18678012490272522
False,True,False,True,-1,True,0.19320718944072723
False,False,False,False,-1,False,0.18678006529808044
False,False,False,False,-1,False,0.18678011000156403
False,False,False,False,-1,False,0.1867801547050476
False,True,False,True,-1,True,0.18678009510040283
False,False,False,False,-1,False,0.09926486015319824
False,False,False,False,-1,False,0.08417615294456482
False,False,False,False,-1,False,0.084176205098629
False,True,False,True,-1,True,0.19999109208583832
False,False,False,False,-1,False,0.09916146099567413
False,False,False,False,-1,False,0.0924287661910057
True,False,False,True,82,True,0.5461779832839966
False,False,False,False,-1,False,0.09745147079229355
True,False,False,False,92,False,0.36845776438713074
False,False,False,False,-1,False,0.08660143613815308
False,False,False,False,-1,False,0.10934065282344818
False,False,False,False,-1,False,0.08417614549398422
False,False,False,False,-1,False,0.10013104975223541
False,False,False,False,-1,False,0.0841762125492096
False,False,False,False,-1,False,0.09428878873586655
False,False,False,False,-1,False,0.09943325817584991
False,False,False,False,-1,False,0.10115402191877365
False,True,False,True,-1,True,0.1426578164100647
False,False,False,False,-1,False,0.10156689584255219
False,False,False,False,-1,False,0.0998128205537796
True,False,False,True,68,True,0.48944175243377686
True,False,False,True,58,True,0.44680047035217285
False,False,True,True,-1,True,0.39733999967575073
False,False,False,False,-1,False,0.1215788796544075
True,False,False,True,70,True,0.4276938736438751
False,False,False,False,-1,False,0.1215788871049881
False,False,False,False,-1,False,0.1215788871049881
False,False,False,False,-1,False,0.12157885730266571
False,False,False,False,-1,False,0.12157883495092392
False,False,True,True,-1,True,0.5254762172698975
True,False,False,True,99,True,0.2568223774433136
False,True,False,True,-1,True,0.14293897151947021
True,False,False,False,44,False,0.44802534580230713
False,False,True,True,-1,True,0.5322822332382202
False,False,False,False,-1,False,0.12416639924049377
False,False,False,False,-1,False,0.12660470604896545
False,False,False,False,-1,False,0.1215788871049881
False,False,False,False,-1,False,0.1215788722038269
True,False,False,True,71,True,0.5534592866897583
True,False,False,True,79,True,0.4403320848941803
False,True,False,False,-1,False,0.1329142451286316
False,True,False,True,-1,True,0.1760038435459137
False,False,False,False,-1,False,0.12435494363307953
False,False,False,False,-1,False,0.12435494363307953
False,False,False,False,-1,False,0.12435497343540192
False,True,False,True,-1,True,0.2101566195487976
False,True,False,True,-1,True,0.12935252487659454
False,False,False,False,-1,False,0.12435496598482132
False,False,False,False,-1,False,0.15468710660934448
True,False,False,True,83,True,0.37554454803466797
False,False,False,False,-1,False,0.12435498833656311
False,False,False,False,-1,False,0.12435495853424072
False,False,False,False,-1,False,0.12900090217590332
False,False,True,True,-1,True,0.41157710552215576
False,False,False,False,-1,False,0.12435496598482132
False,False,False,False,-1,False,0.12435497343540192
True,False,False,True,74,True,0.3894040286540985
False,False,False,False,-1,False,0.12435498088598251
False,False,False,False,-1,False,0.12435492873191833
False,True,False,True,-1,True,0.16245630383491516
False,False,False,False,-1,False,0.07076824456453323
False,False,False,False,-1,False,0.07076825946569443
False,True,False,True,-1,True,0.10396931320428848
False,False,False,False,-1,False,0.07079678773880005
False,False,False,False,-1,False,0.07076817750930786
False,True,False,True,-1,True,0.09381933510303497
False,False,False,False,-1,False,0.07076825201511383
False,False,False,False,-1,False,0.07076824456453323
False,False,False,False,-1,False,0.07076824456453323
False,False,False,False,-1,False,0.0788482055068016
False,True,False,True,-1,True,0.19486723840236664
False,False,False,False,-1,False,0.07076825201511383
False,False,False,False,-1,False,0.0791548416018486
True,False,False,True,83,True,0.3233150839805603
False,True,False,True,-1,True,0.14830751717090607
False,False,False,False,-1,False,0.07076817005872726
False,True,False,True,-1,True,0.07076818495988846
False,False,True,True,-1,True,0.34668341279029846
False,False,False,False,-1,False,0.07077290117740631
True,False,False,False,49,False,0.4816034138202667
False,False,False,False,-1,False,0.12214206904172897
True,False,False,True,59,True,0.2930926978588104
False,True,False,True,-1,True,0.21851906180381775
False,False,False,False,-1,False,0.12889520823955536
True,False,False,True,65,True,0.4025305509567261
False,False,False,False,-1,False,0.12214197963476181
False,False,False,False,-1,False,0.12214207649230957
False,False,False,False,-1,False,0.12214205414056778
False,False,False,False,-1,False,0.12214208394289017
False,False,True,True,-1,True,0.37036970257759094
False,False,False,False,-1,False,0.12214206904172897
False,False,False,False,-1,False,0.12214204668998718
False,False,False,False,-1,False,0.12214198708534241
False,False,False,False,-1,False,0.12214204668998718
True,False,False,True,83,True,0.32098570466041565
False,False,False,False,-1,False,0.1221470832824707
False,False,False,False,-1,False,0.12214206159114838
False,False,False,False,-1,False,0.1221420019865036
False,False,True,True,-1,True,0.3303796648979187
False,False,False,False,-1,False,0.12214205414056778
False,False,False,False,-1,False,0.1307297646999359
False,False,False,False,-1,False,0.13062036037445068
False,False,False,False,-1,False,0.13062025606632233
False,False,False,False,-1,False,0.15731678903102875
True,False,False,False,61,False,0.2850080132484436
False,False,False,False,-1,False,0.13083043694496155
False,True,False,True,-1,True,0.19674307107925415
False,False,False,False,-1,False,0.13062764704227448
False,True,False,True,-1,True,0.1738520711660385
False,False,False,False,-1,False,0.13062036037445068
False,False,True,True,-1,True,0.2869848310947418
False,False,False,False,-1,False,0.13062036037445068
False,False,False,False,-1,False,0.1306203305721283
False,False,False,False,-1,False,0.13062028586864471
True,False,False,True,48,True,0.4285861849784851
True,False,False,True,66,True,0.363610178232193
False,False,False,False,-1,False,0.1306203454732895
False,False,False,False,-1,False,0.1306322067975998
False,False,False,False,-1,False,0.13062037527561188
False,True,False,True,-1,True,0.1307789385318756
True,False,False,False,46,False,0.35286933183670044
False,False,True,True,-1,True,0.27637407183647156
False,True,False,True,-1,True,0.12501433491706848
False,True,False,True,-1,True,0.15986335277557373
False,False,True,True,-1,True,0.5056242346763611
False,True,False,True,-1,True,0.1250143200159073
True,False,False,False,48,False,0.3280787169933319
False,False,False,False,-1,False,0.1250143200159073
True,False,False,False,51,False,0.35661640763282776
False,True,False,True,-1,True,0.22296831011772156
True,False,False,True,69,True,0.3592836856842041
False,False,True,True,-1,True,0.34253692626953125
False,False,True,True,-1,True,0.423006147146225
True,False,False,True,67,True,0.395712286233902
True,False,False,False,50,False,0.3311086893081665
True,False,False,False,51,False,0.4483427405357361
True,False,False,True,93,True,0.347359836101532
True,False,False,True,64,True,0.38369020819664
False,True,False,True,-1,True,0.1547519713640213
False,True,False,True,-1,True,0.17845778167247772
