#{"t_start": 1788158506.6490166, "env_id": null}
r,l,t
228.29872,100,4.543012
255.13979,100,4.54308
280.61984,100,4.543092
255.68324,100,4.543101
274.87134,100,4.543109
274.0074,100,4.543117
267.36484,100,4.543125
238.34416,100,4.543133
202.82811,100,27.260722
222.22598,100,27.2608
196.7598,100,27.260811
269.33044,100,27.26082
236.31311,100,27.260827
238.94151,100,27.260835
179.5263,100,27.260843
291.6879,100,27.260851
163.07019,100,40.354972
183.67484,100,40.355046
142.97073,100,40.355059
247.96153,100,40.355069
210.86563,100,40.355078
155.35838,100,40.355087
155.4931,100,40.355096
231.22675,100,40.355104
257.53415,100,64.01324
214.71556,100,64.013316
230.53139,100,64.013329
239.95723,100,64.013338
368.84702,100,64.013347
210.4787,100,64.013355
278.42484,100,64.013364
186.80832,100,64.013372
264.7224,100,76.976535
280.16855,100,76.976627
167.70152,100,76.976648
290.5585,100,76.976664
201.69412,100,76.97668
206.91129,100,76.976695
271.82776,100,76.976711
284.6649,100,76.976726
174.77426,100,99.522224
202.1013,100,99.522301
201.69382,100,99.522313
269.9902,100,99.522323
172.61108,100,99.522331
192.50902,100,99.52234
285.14655,100,99.522349
173.92117,100,99.522357
149.01764,100,112.323549
214.41902,100,112.323623
176.90948,100,112.323635
214.42688,100,112.323644
265.88837,100,112.323654
223.09326,100,112.323663
197.23979,100,112.323672
158.93275,100,112.32368
195.18523,100,135.073014
225.30449,100,135.07309
268.0663,100,135.073103
162.66937,100,135.073112
250.0905,100,135.073123
265.15265,100,135.073133
214.54997,100,135.073143
236.79884,100,135.073153
199.50272,100,157.638966
228.69312,100,157.639045
215.86546,100,157.639057
228.63649,100,157.639065
178.03322,100,157.639074
271.0795,100,157.639082
159.75053,100,157.63909
278.03653,100,157.639098
156.45755,100,170.314644
175.60896,100,170.314735
249.48444,100,170.314758
203.78514,100,170.314774
209.67143,100,170.31479
173.01758,100,170.314806
277.61606,100,170.314821
170.75627,100,170.314836
182.62636,100,192.584064
207.7733,100,192.584152
162.58913,100,192.584173
199.53792,100,192.58419
240.0272,100,192.584205
190.06674,100,192.58422
196.24638,100,192.584236
154.43433,100,192.584251
190.45995,100,205.690793
176.49023,100,205.690867
292.3546,100,205.69088
288.55875,100,205.69089
224.76642,100,205.690899
212.47113,100,205.690908
226.1985,100,205.690917
285.85718,100,205.690925
272.24957,100,228.572254
250.20729,100,228.572326
239.78525,100,228.572338
331.67676,100,228.572348
219.24702,100,228.572357
163.20306,100,228.572366
243.48582,100,228.572375
188.58191,100,228.572384
208.88553,100,241.492101
233.73093,100,241.492195
135.96834,100,241.492219
296.91785,100,241.492237
208.44022,100,241.492253
188.1599,100,241.49227
90.72724,100,241.492287
147.71198,100,241.492305
269.1351,100,263.577544
231.8033,100,263.57762
174.7425,100,263.577632
206.74203,100,263.577642
105.87721,100,263.57765
235.38683,100,263.577659
146.5539,100,263.577667
131.85477,100,263.577676
143.10023,100,276.332333
219.84428,100,276.332427
177.70375,100,276.332448
161.8938,100,276.332472
191.68298,100,276.332491
187.8618,100,276.332506
180.06558,100,276.332521
192.49426,100,276.332535
142.93855,100,299.277272
194.25896,100,299.277351
173.54529,100,299.277364
154.16057,100,299.277373
238.5911,100,299.277382
186.97057,100,299.27739
157.83687,100,299.277399
157.23611,100,299.277407
163.18665,100,321.518331
169.47655,100,321.518406
186.83667,100,321.518418
181.53398,100,321.518427
165.89307,100,321.518435
162.3645,100,321.518444
145.78534,100,321.518452
174.24869,100,321.518467
164.86142,100,334.189732
187.74683,100,334.189828
180.1658,100,334.18985
214.87938,100,334.189867
185.47229,100,334.189883
225.25981,100,334.189899
193.7365,100,334.189915
151.00012,100,334.189931
279.7778,100,356.479071
216.09056,100,356.479143
266.84494,100,356.479155
185.05493,100,356.479164
202.52052,100,356.479172
274.37283,100,356.479181
261.05588,100,356.479189
167.8038,100,356.479198
306.7299,100,369.179013
172.74881,100,369.179106
253.83098,100,369.179129
163.25204,100,369.179147
257.3584,100,369.179162
179.25786,100,369.179178
164.92476,100,369.179193
172.06168,100,369.179207
221.6971,100,391.912958
204.61818,100,391.913047
182.06245,100,391.913063
149.78079,100,391.913073
155.26556,100,391.913082
170.55493,100,391.91309
144.69295,100,391.913099
254.19879,100,391.913108
163.12328,100,404.853075
279.53815,100,404.853166
127.26216,100,404.853189
172.94218,100,404.853206
186.90721,100,404.853222
229.93031,100,404.853238
182.11044,100,404.853254
165.98964,100,404.85327
189.67497,100,427.013312
161.75072,100,427.013388
160.66147,100,427.0134
214.75523,100,427.01341
280.09753,100,427.013419
146.82161,100,427.013428
285.44034,100,427.013436
246.00272,100,427.013445
293.87308,100,449.466153
183.25497,100,449.466232
283.82617,100,449.466244
144.8469,100,449.466254
152.95634,100,449.466262
228.27823,100,449.466271
296.17273,100,449.466279
278.6668,100,449.466287
167.1928,100,462.410382
251.5999,100,462.410525
199.76437,100,462.410557
272.62308,100,462.410574
243.65663,100,462.410588
149.46033,100,462.410601
246.29341,100,462.410615
158.67201,100,462.410629
182.57314,100,485.228694
166.45454,100,485.228784
261.57043,100,485.228806
239.43092,100,485.228823
213.38449,100,485.228839
190.12791,100,485.228854
233.74142,100,485.22887
124.6884,100,485.228886
184.20435,100,497.900728
219.52063,100,497.900809
193.60548,100,497.900832
230.79128,100,497.900849
270.01328,100,497.900865
154.49768,100,497.900881
258.979,100,497.900898
157.05072,100,497.900914
272.489,100,520.247226
288.16107,100,520.2473
241.26363,100,520.247313
156.9484,100,520.247322
279.2733,100,520.247331
277.51166,100,520.247339
273.1541,100,520.247348
200.65042,100,520.247356
280.8743,100,533.247325
251.3367,100,533.247399
302.318,100,533.247411
113.89818,100,533.247422
292.79114,100,533.24743
162.29826,100,533.247439
200.92882,100,533.247448
201.13815,100,533.247457
169.22884,100,555.746337
194.31427,100,555.746414
229.3131,100,555.746427
316.1909,100,555.746436
184.85855,100,555.746444
196.95293,100,555.746453
188.70506,100,555.746469
175.31447,100,555.74648
154.12067,100,568.722393
284.69254,100,568.722476
288.7177,100,568.722491
237.62262,100,568.722501
213.49675,100,568.72251
280.87448,100,568.722519
241.47156,100,568.722529
149.96198,100,568.722538
249.0665,100,591.129451
170.97096,100,591.129533
279.78708,100,591.129544
268.8209,100,591.129553
174.50096,100,591.129561
242.17708,100,591.129569
253.45676,100,591.129577
256.79178,100,591.129585
278.21854,100,613.68305
315.98495,100,613.683151
284.8901,100,613.683173
267.71252,100,613.683189
213.40627,100,613.683204
216.24348,100,613.683219
298.05188,100,613.683233
303.95563,100,613.683248
271.34454,100,626.373548
231.22469,100,626.373629
172.09952,100,626.373642
240.1073,100,626.373652
219.7043,100,626.373661
278.51788,100,626.37367
201.38602,100,626.373679
211.01901,100,626.373688
152.33038,100,649.128035
148.21118,100,649.128121
270.6071,100,649.128134
189.37474,100,649.128143
290.33224,100,649.128152
267.57074,100,649.128161
207.21257,100,649.12817
212.22456,100,649.128179
239.4004,100,662.078532
219.14,100,662.078608
273.12827,100,662.078621
228.50981,100,662.078629
300.86737,100,662.078638
203.18886,100,662.078646
289.01028,100,662.078654
266.7013,100,662.078662
204.54362,100,685.218189
267.61264,100,685.218261
319.58994,100,685.218274
257.6947,100,685.218283
274.0384,100,685.218293
293.86456,100,685.218302
269.31845,100,685.218311
296.31,100,685.21832
295.6073,100,698.327222
233.73778,100,698.327297
137.84503,100,698.327313
282.61896,100,698.327322
286.34772,100,698.327332
220.09929,100,698.327341
222.98941,100,698.327349
295.35672,100,698.327358
282.6384,100,720.830431
269.8958,100,720.830536
215.44499,100,720.830558
299.57925,100,720.830575
210.05594,100,720.830591
283.28778,100,720.830606
305.37866,100,720.830621
184.2454,100,720.830636
266.34134,100,743.298674
237.99121,100,743.298755
232.23352,100,743.298768
246.84705,100,743.298779
208.63773,100,743.298788
314.2119,100,743.298798
281.15158,100,743.298806
179.77638,100,743.298816
264.06158,100,756.006449
292.0208,100,756.006527
291.43253,100,756.00654
249.84071,100,756.006548
288.5938,100,756.006556
234.56999,100,756.006565
240.71771,100,756.006573
277.59924,100,756.006581
225.87497,100,778.629587
195.514,100,778.629665
223.17061,100,778.629679
256.92694,100,778.629689
239.74239,100,778.629699
301.9094,100,778.629708
298.4511,100,778.629718
339.102,100,778.629727
291.3056,100,791.749433
232.66225,100,791.749522
294.23035,100,791.749535
298.28848,100,791.749545
275.72852,100,791.749553
216.29057,100,791.749562
235.17198,100,791.749571
301.4233,100,791.74958
299.1651,100,814.582724
225.81914,100,814.582803
308.9412,100,814.582816
249.74466,100,814.582826
286.9647,100,814.582835
266.45102,100,814.582844
181.09245,100,814.582852
254.07278,100,814.582861
271.33716,100,827.380079
274.35352,100,827.380166
245.68997,100,827.380187
254.32616,100,827.380202
223.65704,100,827.380217
191.47389,100,827.380231
258.4066,100,827.380245
296.3929,100,827.38026
275.71613,100,849.961781
160.83551,100,849.961861
233.5963,100,849.961875
151.12115,100,849.961885
290.85834,100,849.961895
276.7528,100,849.961904
240.99963,100,849.961913
244.18481,100,849.961922
201.99901,100,862.694425
283.80194,100,862.694509
311.17032,100,862.694522
184.59662,100,862.694532
235.62968,100,862.694541
280.99472,100,862.69455
286.36783,100,862.694559
278.88324,100,862.694568
262.83783,100,885.545314
274.60556,100,885.545403
286.51883,100,885.545417
279.7422,100,885.545427
225.14711,100,885.545437
247.1234,100,885.545447
236.66801,100,885.545456
258.8165,100,885.545476
243.87837,100,908.743244
281.24097,100,908.743325
231.9104,100,908.743338
244.42952,100,908.743347
274.81165,100,908.743356
286.58575,100,908.743365
271.7262,100,908.743374
292.25137,100,908.743382
287.8656,100,922.01613
260.87527,100,922.016209
240.6688,100,922.016222
190.31938,100,922.016232
285.10468,100,922.016242
227.35805,100,922.016251
259.7741,100,922.01626
281.46307,100,922.016269
292.47757,100,944.486169
287.97208,100,944.486271
260.9412,100,944.486293
254.3705,100,944.486309
284.09903,100,944.486325
237.18584,100,944.486339
290.0216,100,944.486354
242.51448,100,944.486369
280.7472,100,957.418595
158.9358,100,957.418686
285.76318,100,957.418708
272.3565,100,957.418726
149.50035,100,957.418742
279.66434,100,957.418758
287.9692,100,957.418774
274.03976,100,957.41879
160.00336,100,979.841832
286.9193,100,979.841905
217.20901,100,979.841918
327.08295,100,979.841927
224.56851,100,979.841936
284.53067,100,979.841945
279.50632,100,979.841954
301.96732,100,979.841962
280.324,100,992.973649
251.557,100,992.973729
287.63055,100,992.973743
277.1625,100,992.973753
223.31776,100,992.973763
210.83067,100,992.973773
262.07645,100,992.973782
207.47069,100,992.973791
283.22003,100,1015.826812
155.11292,100,1015.826892
263.52295,100,1015.826906
181.96259,100,1015.826916
275.78082,100,1015.826926
294.21222,100,1015.826939
291.9101,100,1015.826953
289.3619,100,1015.826967
292.2438,100,1038.550129
268.6641,100,1038.550205
296.11856,100,1038.550218
223.11272,100,1038.550228
276.36893,100,1038.550238
249.14226,100,1038.550247
275.88058,100,1038.550256
284.29196,100,1038.550265
288.1378,100,1051.318252
305.24313,100,1051.318342
286.4478,100,1051.318364
271.1238,100,1051.318381
301.56293,100,1051.318396
268.23526,100,1051.318412
288.39914,100,1051.318427
239.01335,100,1051.318442
303.9923,100,1073.873272
287.3909,100,1073.873348
292.48633,100,1073.873361
295.7539,100,1073.873371
243.14005,100,1073.873381
267.77115,100,1073.87339
187.98802,100,1073.873399
296.3877,100,1073.873409
296.8122,100,1086.783833
276.4074,100,1086.783911
282.022,100,1086.783924
269.09686,100,1086.783934
263.95035,100,1086.783943
284.29843,100,1086.783952
285.4429,100,1086.783973
249.62212,100,1086.783982
288.55927,100,1109.675552
290.57617,100,1109.675633
277.0498,100,1109.675647
307.8807,100,1109.675658
300.24442,100,1109.675668
295.12723,100,1109.675677
292.71237,100,1109.675687
282.74463,100,1109.675696
291.29553,100,1122.478557
263.52527,100,1122.478647
294.71725,100,1122.478669
276.99957,100,1122.478686
281.74176,100,1122.478702
272.07367,100,1122.478718
268.88052,100,1122.478733
290.53806,100,1122.478749
286.11243,100,1144.64331
218.58528,100,1144.64339
279.50815,100,1144.643403
307.89926,100,1144.643412
295.13156,100,1144.643421
284.87518,100,1144.64343
187.04779,100,1144.643439
292.2563,100,1144.643447
307.54688,100,1157.244868
211.62006,100,1157.244943
291.37106,100,1157.244955
287.9861,100,1157.244965
278.52673,100,1157.244973
279.1993,100,1157.244983
284.7823,100,1157.244991
281.75015,100,1157.245
265.15808,100,1180.016507
189.0813,100,1180.016608
246.83911,100,1180.01663
253.82802,100,1180.016646
222.48364,100,1180.016661
262.32324,100,1180.016675
180.37534,100,1180.01669
315.0045,100,1180.016704
298.3787,100,1202.662617
252.22314,100,1202.662697
265.1918,100,1202.66271
282.55563,100,1202.66272
250.03445,100,1202.662728
240.6057,100,1202.662737
303.12506,100,1202.662746
201.69543,100,1202.662755
252.02899,100,1215.363314
274.1229,100,1215.363401
230.29042,100,1215.363421
287.24185,100,1215.363436
281.69308,100,1215.363451
276.52664,100,1215.363478
282.42154,100,1215.363494
299.2286,100,1215.363508
262.293,100,1237.691614
322.33377,100,1237.691729
295.33194,100,1237.691762
304.12646,100,1237.691788
318.347,100,1237.691813
316.0056,100,1237.691836
284.75922,100,1237.691859
314.90387,100,1237.691884
300.43134,100,1251.073312
301.9952,100,1251.073387
245.29018,100,1251.0734
307.10477,100,1251.07341
321.17245,100,1251.073419
310.8519,100,1251.073427
305.86002,100,1251.073436
341.2933,100,1251.073445
258.28732,100,1273.815025
266.31842,100,1273.815103
289.866,100,1273.815115
278.00827,100,1273.815125
244.974,100,1273.815134
286.08685,100,1273.815143
280.68265,100,1273.815152
287.30356,100,1273.815161
268.89444,100,1286.382446
296.9631,100,1286.382545
232.33954,100,1286.382565
295.983,100,1286.382581
235.2739,100,1286.382596
254.50194,100,1286.382611
285.01584,100,1286.382626
305.3542,100,1286.38264
358.73047,100,1308.769758
272.49612,100,1308.769834
303.07443,100,1308.769846
303.73428,100,1308.769855
279.6403,100,1308.769865
326.4183,100,1308.769873
295.25577,100,1308.769883
290.80536,100,1308.769891
282.59244,100,1331.377107
293.11884,100,1331.377185
281.07272,100,1331.377198
314.37744,100,1331.377208
290.6841,100,1331.377217
309.13083,100,1331.377226
226.68707,100,1331.377235
293.63596,100,1331.377245
345.46707,100,1344.636827
326.05792,100,1344.636923
287.52103,100,1344.636946
310.27487,100,1344.636962
268.43243,100,1344.63698
313.37457,100,1344.636999
342.663,100,1344.637016
300.91208,100,1344.637033
198.35503,100,1367.217735
300.81192,100,1367.217823
255.41565,100,1367.217844
274.7271,100,1367.21786
196.20622,100,1367.217876
291.845,100,1367.217891
280.11786,100,1367.217906
306.26465,100,1367.217921
306.8867,100,1381.076341
324.48282,100,1381.076417
308.56628,100,1381.076431
297.3532,100,1381.076441
330.9537,100,1381.076451
233.58813,100,1381.076471
359.2382,100,1381.076484
257.7566,100,1381.076494
304.74576,100,1403.708159
259.13678,100,1403.708247
224.07455,100,1403.708268
267.33472,100,1403.708284
258.4261,100,1403.708299
295.1222,100,1403.708314
306.44968,100,1403.708328
323.12323,100,1403.708342
284.51962,100,1416.749057
349.83548,100,1416.749141
303.10983,100,1416.749155
256.23602,100,1416.749166
290.1354,100,1416.749175
317.71127,100,1416.749184
275.95157,100,1416.749193
362.01422,100,1416.749202
285.1984,100,1439.253022
323.6255,100,1439.253116
340.01572,100,1439.253138
300.17648,100,1439.253156
287.1433,100,1439.253172
266.26654,100,1439.253187
305.49268,100,1439.253204
321.52097,100,1439.25322
309.2246,100,1452.300877
301.9587,100,1452.300955
310.5153,100,1452.300968
361.77316,100,1452.300978
302.7138,100,1452.300987
291.40314,100,1452.300997
323.5299,100,1452.301005
313.61627,100,1452.301014
284.2422,100,1475.10092
291.72562,100,1475.101002
315.5767,100,1475.101016
289.07422,100,1475.101025
297.90506,100,1475.101034
293.1726,100,1475.101043
330.46417,100,1475.101051
298.47076,100,1475.101059
287.8104,100,1497.719292
295.65494,100,1497.719377
231.61113,100,1497.719391
293.89465,100,1497.7194
301.2104,100,1497.71941
292.7472,100,1497.719419
324.8703,100,1497.719428
307.01373,100,1497.719436
284.60574,100,1510.47631
318.49338,100,1510.476402
341.3915,100,1510.476424
256.58145,100,1510.476442
255.69803,100,1510.476458
269.48587,100,1510.476488
287.7679,100,1510.476505
318.8229,100,1510.476521
306.08807,100,1532.7543
307.35522,100,1532.754379
292.13852,100,1532.754392
304.72067,100,1532.754402
213.17111,100,1532.754411
309.4393,100,1532.75442
261.2926,100,1532.754429
311.08582,100,1532.754438
306.18036,100,1545.534013
323.17578,100,1545.53409
304.81113,100,1545.534102
225.55196,100,1545.534112
252.42665,100,1545.534121
307.58853,100,1545.53413
320.82687,100,1545.534139
240.17282,100,1545.534148
310.64407,100,1568.15467
297.87582,100,1568.154751
288.3357,100,1568.154764
302.87775,100,1568.154774
276.32306,100,1568.154783
321.93353,100,1568.154792
284.81683,100,1568.154801
340.34586,100,1568.15481
302.75186,100,1581.151785
339.5055,100,1581.151872
296.3361,100,1581.151885
290.04916,100,1581.151895
273.3267,100,1581.151904
269.53363,100,1581.151912
267.58392,100,1581.151921
296.18832,100,1581.15193
293.01575,100,1604.302037
316.96707,100,1604.302125
354.1998,100,1604.302146
297.13483,100,1604.302162
310.41232,100,1604.302176
316.51944,100,1604.302191
297.45944,100,1604.302205
329.11328,100,1604.30222
342.46988,100,1626.848772
292.6441,100,1626.848851
322.8428,100,1626.848863
327.90158,100,1626.848873
290.11157,100,1626.848881
264.62277,100,1626.84889
268.9863,100,1626.848899
302.2116,100,1626.848908
288.1099,100,1639.794102
320.53168,100,1639.794181
286.2447,100,1639.794194
310.12646,100,1639.794204
324.30963,100,1639.794213
300.55847,100,1639.794222
257.61636,100,1639.794231
314.5304,100,1639.79424
207.16063,100,1662.081591
276.09088,100,1662.081669
295.11923,100,1662.081682
303.14392,100,1662.081692
316.83328,100,1662.081701
332.6742,100,1662.081709
313.5466,100,1662.081718
298.17218,100,1662.081727
311.56555,100,1674.928655
306.92273,100,1674.928736
284.46024,100,1674.928749
323.0286,100,1674.928758
301.9006,100,1674.928768
317.71756,100,1674.928777
239.82161,100,1674.928785
294.9743,100,1674.928794
311.60043,100,1697.618764
221.27344,100,1697.618844
313.07578,100,1697.618856
341.81775,100,1697.618866
322.79163,100,1697.618874
292.6988,100,1697.618883
309.70447,100,1697.618891
315.8879,100,1697.6189
305.92264,100,1710.471896
309.62845,100,1710.471984
337.96957,100,1710.472004
267.68274,100,1710.47202
270.52582,100,1710.472035
307.55957,100,1710.472049
229.62201,100,1710.472064
340.31943,100,1710.472078
345.0498,100,1733.003936
280.09525,100,1733.004024
316.81946,100,1733.004037
278.70032,100,1733.004046
290.00665,100,1733.004055
277.30463,100,1733.004063
290.1437,100,1733.004072
336.24252,100,1733.004081
299.25586,100,1745.945999
222.41367,100,1745.946077
286.53018,100,1745.94609
346.71518,100,1745.9461
350.4435,100,1745.946109
270.5788,100,1745.946119
333.55298,100,1745.946128
285.16595,100,1745.946137
284.72308,100,1768.309137
252.6153,100,1768.309242
301.46182,100,1768.309265
309.27972,100,1768.309281
317.0182,100,1768.309296
237.77502,100,1768.309311
301.60382,100,1768.309327
276.3421,100,1768.309341
193.01694,100,1790.813581
320.7381,100,1790.813661
282.57092,100,1790.813684
308.7783,100,1790.813701
294.48895,100,1790.813718
303.52704,100,1790.813734
288.2739,100,1790.81375
218.31656,100,1790.813765
301.70645,100,1803.697255
301.46854,100,1803.697349
326.13284,100,1803.697372
325.0595,100,1803.697408
295.28598,100,1803.697426
290.60483,100,1803.697443
282.1309,100,1803.697459
307.87878,100,1803.697492
204.04202,100,1826.630771
291.63425,100,1826.630879
259.2367,100,1826.630894
294.347,100,1826.630904
305.2595,100,1826.630914
310.5233,100,1826.630923
362.53732,100,1826.630932
315.65363,100,1826.630942
312.58676,100,1839.749999
340.4709,100,1839.750078
300.4881,100,1839.750093
274.17645,100,1839.750103
295.67642,100,1839.750116
312.23932,100,1839.750125
255.19684,100,1839.750135
299.99374,100,1839.750144
227.9968,100,1862.339113
339.50995,100,1862.339188
337.0803,100,1862.339201
259.9254,100,1862.339211
298.49072,100,1862.339221
164.54182,100,1862.33923
322.689,100,1862.339239
318.5164,100,1862.339248
310.18677,100,1875.24096
183.72217,100,1875.241038
281.53104,100,1875.241052
332.3711,100,1875.24106
315.0139,100,1875.241069
282.62088,100,1875.241078
258.93622,100,1875.241086
242.85728,100,1875.241095
325.0343,100,1898.036333
331.2373,100,1898.036408
262.24298,100,1898.036422
110.162506,100,1898.036434
312.4252,100,1898.036444
336.61435,100,1898.036455
271.4892,100,1898.036475
322.76837,100,1898.036485
315.03897,100,1921.41235
283.9282,100,1921.412445
252.04439,100,1921.41248
327.3492,100,1921.4125
287.49176,100,1921.412517
318.1368,100,1921.412534
310.2246,100,1921.412552
377.1394,100,1921.412569
232.72668,100,1934.997967
319.15448,100,1934.998045
290.1911,100,1934.998058
281.74597,100,1934.998068
296.40494,100,1934.998077
343.7206,100,1934.998085
351.4002,100,1934.998094
270.96915,100,1934.998103
301.65207,100,1957.621036
222.39343,100,1957.621111
301.93204,100,1957.621132
244.32602,100,1957.621148
243.40215,100,1957.621162
216.74963,100,1957.621177
302.912,100,1957.621192
324.6462,100,1957.621207
308.00253,100,1970.582412
307.2643,100,1970.582496
310.05002,100,1970.582509
310.33792,100,1970.582519
299.89615,100,1970.582527
252.28589,100,1970.582535
305.2348,100,1970.582544
306.32434,100,1970.582551
310.32797,100,1992.966813
316.7336,100,1992.966888
283.0377,100,1992.9669
308.12643,100,1992.96691
325.93762,100,1992.96692
340.49792,100,1992.966929
356.35718,100,1992.966938
277.22675,100,1992.966947
283.60822,100,2005.918421
365.40375,100,2005.918504
320.21838,100,2005.918517
311.5743,100,2005.918526
310.69113,100,2005.918535
353.04773,100,2005.918543
330.16547,100,2005.918551
272.065,100,2005.91856
273.802,100,2028.173151
327.56396,100,2028.173217
269.9765,100,2028.173229
349.98917,100,2028.173239
261.43207,100,2028.173247
340.04022,100,2028.173256
201.70518,100,2028.173264
302.36227,100,2028.173273
315.04962,100,2041.026666
228.39316,100,2041.026741
371.68686,100,2041.026761
291.89267,100,2041.026776
294.50192,100,2041.026791
305.197,100,2041.026804
298.04916,100,2041.026819
312.48297,100,2041.026833
327.7148,100,2063.808293
292.84634,100,2063.808366
297.6679,100,2063.808379
336.22415,100,2063.808388
257.09045,100,2063.808396
246.80986,100,2063.808404
337.05112,100,2063.808413
317.3117,100,2063.808421
336.18524,100,2086.337459
350.70084,100,2086.337549
313.5333,100,2086.337562
315.04413,100,2086.337572
323.28275,100,2086.33758
322.55945,100,2086.337589
311.63867,100,2086.337598
292.8407,100,2086.337607
311.95062,100,2098.835054
279.76947,100,2098.835132
310.12717,100,2098.835145
325.1055,100,2098.835154
314.39575,100,2098.835163
294.4174,100,2098.835172
240.12584,100,2098.835181
247.11539,100,2098.835189
234.9115,100,2121.45896
301.7577,100,2121.459037
295.9252,100,2121.45905
322.7918,100,2121.45906
255.07736,100,2121.45907
371.44766,100,2121.459079
263.4519,100,2121.459088
302.3433,100,2121.459096
262.3501,100,2134.64837
327.20926,100,2134.648477
306.344,100,2134.648505
258.7227,100,2134.648524
324.21097,100,2134.648541
355.27917,100,2134.648557
341.78903,100,2134.648573
316.0166,100,2134.648588
309.78778,100,2157.846877
305.0659,100,2157.846982
354.8101,100,2157.847004
320.31824,100,2157.84702
244.60625,100,2157.847035
338.63168,100,2157.84707
310.16055,100,2157.847086
329.9779,100,2157.847101
240.21071,100,2170.962923
342.67563,100,2170.963005
229.93684,100,2170.963019
338.5089,100,2170.963029
264.70145,100,2170.963039
284.60736,100,2170.963048
207.40799,100,2170.963057
335.40216,100,2170.963066
269.2637,100,2193.625103
264.4575,100,2193.625199
321.77985,100,2193.625221
312.27695,100,2193.625239
324.8855,100,2193.625255
338.44296,100,2193.62527
308.14056,100,2193.625286
290.4861,100,2193.625302
300.48447,100,2216.111073
321.56662,100,2216.111171
296.85168,100,2216.111192
202.06252,100,2216.111209
349.0283,100,2216.111225
339.99487,100,2216.111241
313.85208,100,2216.111256
322.55576,100,2216.111271
274.74304,100,2229.097967
199.27028,100,2229.098055
302.05936,100,2229.098071
284.15155,100,2229.098083
267.18985,100,2229.098096
290.581,100,2229.098108
287.59442,100,2229.09812
325.6601,100,2229.098132
324.15094,100,2251.835868
279.43277,100,2251.835945
335.5743,100,2251.835957
355.0217,100,2251.835966
357.11118,100,2251.835975
250.86635,100,2251.835984
350.89188,100,2251.835992
345.25317,100,2251.836001
306.0884,100,2265.072164
306.8619,100,2265.072272
265.00778,100,2265.072293
299.79254,100,2265.072309
295.98825,100,2265.072324
261.93372,100,2265.072338
302.48813,100,2265.072352
266.26205,100,2265.072366
345.38074,100,2287.897927
245.2625,100,2287.898043
227.16772,100,2287.898065
344.91418,100,2287.898082
269.98004,100,2287.898099
316.67853,100,2287.898114
295.73276,100,2287.89813
350.03156,100,2287.898145
323.26102,100,2300.89451
337.43225,100,2300.894584
319.00314,100,2300.894598
335.0972,100,2300.894608
346.39893,100,2300.894618
252.07642,100,2300.894627
302.96237,100,2300.894636
325.64987,100,2300.894646
351.11096,100,2323.963937
335.36044,100,2323.964018
329.09415,100,2323.964031
238.16617,100,2323.964041
321.22153,100,2323.964049
327.3773,100,2323.964058
266.36798,100,2323.964067
346.9293,100,2323.964076
329.6542,100,2336.944499
264.89294,100,2336.944591
336.7177,100,2336.944612
298.37772,100,2336.944628
352.30396,100,2336.944643
336.51367,100,2336.944658
256.42676,100,2336.944673
294.059,100,2336.944688
321.92923,100,2359.214099
276.15942,100,2359.214175
289.4808,100,2359.214188
309.19083,100,2359.214197
347.96506,100,2359.214206
272.003,100,2359.214215
319.2145,100,2359.214224
326.432,100,2359.214232
276.89954,100,2382.219383
283.8047,100,2382.21948
341.677,100,2382.219496
260.5295,100,2382.219506
298.9609,100,2382.219515
338.84286,100,2382.219523
234.7635,100,2382.219532
350.03683,100,2382.21954
295.27142,100,2395.18154
273.34064,100,2395.181622
301.37698,100,2395.181636
341.82428,100,2395.181646
322.97473,100,2395.181654
306.66168,100,2395.181664
324.7534,100,2395.181673
270.93225,100,2395.181681
310.48785,100,2417.368072
327.17865,100,2417.368146
359.05362,100,2417.36816
325.9604,100,2417.368169
335.1681,100,2417.368178
299.4015,100,2417.368187
334.1509,100,2417.368196
342.99332,100,2417.368205
332.62088,100,2429.961365
354.30762,100,2429.961444
303.48648,100,2429.961457
347.73196,100,2429.96148
292.1718,100,2429.96149
302.7825,100,2429.961499
309.60977,100,2429.961508
316.9811,100,2429.961517
260.86652,100,2452.630022
330.08325,100,2452.630097
313.82947,100,2452.63011
304.5322,100,2452.630119
306.6487,100,2452.630128
344.18448,100,2452.630137
343.52078,100,2452.630147
303.22302,100,2452.630156
287.08585,100,2465.771752
320.56714,100,2465.771842
270.4734,100,2465.771861
328.13065,100,2465.771874
268.34085,100,2465.771887
221.12624,100,2465.7719
276.02325,100,2465.771914
265.7307,100,2465.771927
361.80685,100,2488.774177
240.27666,100,2488.774252
299.88986,100,2488.774266
359.30206,100,2488.774277
297.2228,100,2488.774287
250.72748,100,2488.774296
266.98972,100,2488.774306
310.0318,100,2488.774316
314.17004,100,2511.870045
292.7495,100,2511.87012
267.6604,100,2511.870133
316.16418,100,2511.870143
252.46428,100,2511.870152
298.52615,100,2511.870161
308.6031,100,2511.87017
352.65485,100,2511.870179
351.69943,100,2524.927018
299.81564,100,2524.927096
357.2571,100,2524.927109
302.51016,100,2524.927119
322.96222,100,2524.927128
375.09677,100,2524.927137
323.01312,100,2524.927146
283.91296,100,2524.927154
309.61023,100,2547.088504
261.48605,100,2547.088597
256.9725,100,2547.088619
275.79214,100,2547.088636
330.20676,100,2547.088651
320.95187,100,2547.088666
242.68529,100,2547.088681
288.22702,100,2547.088696
302.1019,100,2559.775506
313.2847,100,2559.775582
344.16556,100,2559.775595
302.44183,100,2559.775605
333.53616,100,2559.775614
305.00983,100,2559.775623
313.8909,100,2559.775632
230.96158,100,2559.775641
264.01825,100,2582.342473
351.53665,100,2582.342559
282.01736,100,2582.34258
270.84808,100,2582.342596
277.85165,100,2582.342611
320.0991,100,2582.342625
345.25754,100,2582.342641
242.56566,100,2582.342655
345.0224,100,2596.186768
335.18655,100,2596.186857
267.7634,100,2596.186871
341.72363,100,2596.186882
359.2403,100,2596.186892
320.3779,100,2596.186902
323.81546,100,2596.186911
314.67426,100,2596.18692
342.56924,100,2619.046305
274.14252,100,2619.046393
323.20584,100,2619.046406
314.5471,100,2619.046416
325.31363,100,2619.046425
305.1546,100,2619.046434
347.74765,100,2619.046443
318.35645,100,2619.046452
279.34024,100,2632.059258
277.64743,100,2632.05935
301.87384,100,2632.05937
243.95047,100,2632.059386
242.55334,100,2632.0594
285.75284,100,2632.059416
329.57648,100,2632.05943
312.6003,100,2632.059445
325.09766,100,2654.159363
240.5053,100,2654.159436
221.80013,100,2654.159449
337.11035,100,2654.159458
332.45233,100,2654.159482
292.9223,100,2654.159492
344.4467,100,2654.159501
322.26343,100,2654.159509
356.8929,100,2677.275662
331.5682,100,2677.275738
266.48392,100,2677.275751
301.30954,100,2677.27576
290.67032,100,2677.275769
359.35666,100,2677.275777
343.0967,100,2677.275785
307.73672,100,2677.275794
336.24576,100,2690.021393
350.1473,100,2690.021475
262.801,100,2690.02149
349.7675,100,2690.0215
297.66928,100,2690.021508
300.70517,100,2690.021517
310.76822,100,2690.021526
325.9195,100,2690.021534
317.86465,100,2712.726605
290.41833,100,2712.726682
350.27722,100,2712.726695
333.97025,100,2712.726704
324.6563,100,2712.726713
255.74101,100,2712.726722
317.54373,100,2712.726731
347.76108,100,2712.726739
298.18478,100,2725.56788
314.78152,100,2725.567967
289.6417,100,2725.567981
323.24435,100,2725.56799
336.8893,100,2725.567998
323.90692,100,2725.568007
298.21637,100,2725.568016
342.24756,100,2725.568024
302.53354,100,2748.912803
244.44034,100,2748.912894
328.74728,100,2748.912915
294.9394,100,2748.912931
341.34253,100,2748.912946
225.14442,100,2748.91296
311.76514,100,2748.912975
346.6699,100,2748.912989
319.6377,100,2761.566846
314.64136,100,2761.566932
331.76074,100,2761.566953
306.15155,100,2761.56697
316.5368,100,2761.566985
340.1327,100,2761.567001
299.20764,100,2761.567016
336.49982,100,2761.567031
358.75052,100,2784.020436
219.2985,100,2784.020526
318.83728,100,2784.020539
330.84637,100,2784.020549
271.32574,100,2784.020558
308.9493,100,2784.020567
315.90198,100,2784.020576
370.68707,100,2784.020585
313.08728,100,2806.03291
359.1122,100,2806.032993
299.16168,100,2806.033012
381.563,100,2806.033028
345.26425,100,2806.033041
362.63715,100,2806.033054
301.70508,100,2806.033067
291.8262,100,2806.03308
345.99902,100,2819.239122
333.43695,100,2819.2392
203.60408,100,2819.239213
348.8668,100,2819.239224
302.61215,100,2819.239233
315.2345,100,2819.239243
306.5764,100,2819.239253
332.00327,100,2819.239262
349.35278,100,2842.228235
336.65945,100,2842.228308
324.9764,100,2842.228321
328.2504,100,2842.228329
327.60394,100,2842.228338
303.52197,100,2842.228346
362.86127,100,2842.228355
227.36777,100,2842.228363
344.12894,100,2855.094525
334.66,100,2855.094615
303.33582,100,2855.094637
348.78522,100,2855.094654
287.25824,100,2855.094671
308.82812,100,2855.094687
272.37985,100,2855.094702
306.02643,100,2855.094718
361.14493,100,2877.445786
312.20746,100,2877.445862
342.27695,100,2877.445899
241.833,100,2877.445917
338.0443,100,2877.445934
308.92535,100,2877.44595
260.93112,100,2877.445966
375.46057,100,2877.445982
323.03668,100,2890.276726
260.6045,100,2890.276803
345.52176,100,2890.276815
345.0564,100,2890.276825
329.06894,100,2890.276834
348.06213,100,2890.276843
289.88852,100,2890.276852
367.35065,100,2890.276861
344.6213,100,2912.990998
355.99976,100,2912.991076
356.04565,100,2912.991089
313.28027,100,2912.991099
335.4761,100,2912.991107
339.04617,100,2912.991116
322.66403,100,2912.991125
305.0733,100,2912.991133
359.05444,100,2925.969838
284.19186,100,2925.969932
323.35455,100,2925.969954
261.12442,100,2925.969969
304.5011,100,2925.969984
327.9347,100,2925.969999
364.5215,100,2925.970014
354.30606,100,2925.97003
317.1275,100,2948.312685
308.86774,100,2948.312778
304.48944,100,2948.312801
314.55725,100,2948.312819
304.11523,100,2948.312835
318.32333,100,2948.312851
352.1814,100,2948.312867
324.23373,100,2948.312883
318.61038,100,2970.562109
334.57843,100,2970.562188
302.2117,100,2970.562201
346.01123,100,2970.56221
245.80438,100,2970.562219
280.19202,100,2970.562228
330.09113,100,2970.562236
329.84915,100,2970.562245
329.77203,100,2983.544609
338.71823,100,2983.544684
240.23871,100,2983.544698
323.8677,100,2983.544707
379.11414,100,2983.544716
376.46915,100,2983.544725
333.6363,100,2983.544733
306.5137,100,2983.544742
342.9004,100,3006.092329
340.56628,100,3006.092407
349.22913,100,3006.09242
315.69028,100,3006.09243
301.07748,100,3006.092439
268.91312,100,3006.092448
338.37003,100,3006.092457
369.40482,100,3006.092477
300.90448,100,3019.006992
347.0406,100,3019.007087
366.20627,100,3019.007109
334.49338,100,3019.007127
348.5815,100,3019.007143
348.30902,100,3019.007159
343.87613,100,3019.007175
319.6229,100,3019.007191
343.80112,100,3041.456282
292.10727,100,3041.456359
352.41565,100,3041.456371
341.05167,100,3041.456381
338.30844,100,3041.45639
332.06403,100,3041.456398
334.6442,100,3041.456407
339.13983,100,3041.456415
374.63492,100,3054.438629
333.2351,100,3054.438704
322.64044,100,3054.438716
306.95483,100,3054.438725
327.65076,100,3054.438734
266.91238,100,3054.438742
379.61127,100,3054.438751
337.412,100,3054.438759
311.52094,100,3077.334456
344.33716,100,3077.334543
329.95447,100,3077.334556
347.8032,100,3077.334566
377.31796,100,3077.334575
345.86636,100,3077.334585
343.25363,100,3077.334594
321.59573,100,3077.334603
299.0699,100,3100.040529
366.22278,100,3100.040608
368.40878,100,3100.040622
339.02878,100,3100.040631
351.34296,100,3100.04064
333.9916,100,3100.04065
369.79465,100,3100.040659
322.69342,100,3100.040668
348.39157,100,3113.09083
315.50674,100,3113.090925
353.94675,100,3113.090946
332.07718,100,3113.090962
375.5372,100,3113.090976
325.62164,100,3113.09099
365.2925,100,3113.091004
355.6176,100,3113.091018
352.70782,100,3135.525568
347.0831,100,3135.525644
343.27487,100,3135.525656
350.9343,100,3135.525665
355.81113,100,3135.525674
314.70496,100,3135.525683
295.29477,100,3135.525691
373.10208,100,3135.525699
390.12204,100,3148.260708
326.8474,100,3148.260785
341.2904,100,3148.260799
375.67343,100,3148.260809
318.33936,100,3148.260818
351.56888,100,3148.260827
303.56644,100,3148.260835
344.92722,100,3148.260844
336.7171,100,3170.56895
307.3479,100,3170.569028
314.2307,100,3170.569041
320.3595,100,3170.569051
307.50043,100,3170.56906
359.75458,100,3170.569069
347.24976,100,3170.569078
325.5197,100,3170.569086
345.23553,100,3183.622524
360.56775,100,3183.622606
311.68304,100,3183.62262
297.21207,100,3183.62263
358.3626,100,3183.62264
339.07968,100,3183.622649
341.0408,100,3183.622658
356.8735,100,3183.622668
305.49374,100,3206.732085
377.90787,100,3206.732186
367.4215,100,3206.73221
371.70438,100,3206.732228
308.1379,100,3206.732241
333.3989,100,3206.732254
319.31155,100,3206.732267
326.87418,100,3206.73228
350.63156,100,3219.745264
370.2566,100,3219.745358
344.38254,100,3219.745381
313.61612,100,3219.745398
363.2806,100,3219.745441
333.49512,100,3219.745459
327.72137,100,3219.74549
369.73932,100,3219.745507
310.2013,100,3242.948606
352.54092,100,3242.948683
302.97473,100,3242.948696
279.251,100,3242.948706
262.0092,100,3242.948715
356.71753,100,3242.948724
326.671,100,3242.948733
355.78897,100,3242.948741
316.12918,100,3265.594871
336.08682,100,3265.594944
353.1885,100,3265.594957
325.50714,100,3265.594967
373.62796,100,3265.594976
331.5862,100,3265.594985
347.72025,100,3265.594994
324.6325,100,3265.595003
365.6515,100,3278.426413
324.16678,100,3278.426546
341.27997,100,3278.426576
357.5248,100,3278.426599
351.65726,100,3278.42662
328.19974,100,3278.426642
343.40433,100,3278.426663
352.62384,100,3278.426685
385.04086,100,3301.272329
359.9325,100,3301.272406
327.06964,100,3301.272419
328.32538,100,3301.272429
339.0239,100,3301.272438
361.01633,100,3301.272447
338.68033,100,3301.272456
347.57394,100,3301.272474
303.2562,100,3314.768545
336.44287,100,3314.768623
321.89587,100,3314.768636
355.09116,100,3314.768645
354.97382,100,3314.768655
367.45032,100,3314.768664
345.39886,100,3314.768673
357.31528,100,3314.768682
310.6882,100,3337.779152
351.71472,100,3337.779252
356.8198,100,3337.779275
361.94327,100,3337.779292
357.98972,100,3337.779308
333.5042,100,3337.779324
367.59326,100,3337.77934
333.7951,100,3337.779355
354.6066,100,3350.868366
303.8394,100,3350.868473
247.1574,100,3350.868498
347.0015,100,3350.868514
312.35062,100,3350.868529
348.58365,100,3350.868544
356.7235,100,3350.868559
315.5515,100,3350.868574
310.43784,100,3373.256636
345.20465,100,3373.256716
337.8764,100,3373.256729
318.17938,100,3373.256738
334.5285,100,3373.256746
365.5523,100,3373.256754
229.30293,100,3373.256764
336.41544,100,3373.256773
311.09583,100,3396.197836
330.94305,100,3396.197912
276.74493,100,3396.197924
265.6631,100,3396.197933
358.68842,100,3396.197942
313.9755,100,3396.19795
255.40895,100,3396.197958
345.60495,100,3396.197966
311.78027,100,3408.91261
346.8624,100,3408.912681
356.49234,100,3408.912694
340.47922,100,3408.912703
315.86417,100,3408.912712
304.95197,100,3408.91272
288.2724,100,3408.912729
336.51898,100,3408.912737
316.11432,100,3431.290132
352.02597,100,3431.290209
310.00946,100,3431.290223
338.91864,100,3431.290232
327.78333,100,3431.290241
358.1238,100,3431.29025
336.3717,100,3431.290258
298.9586,100,3431.290267
332.66742,100,3444.162816
355.14822,100,3444.162886
208.42372,100,3444.162898
299.88812,100,3444.162907
241.81322,100,3444.162916
352.91263,100,3444.162924
322.86234,100,3444.162933
323.51556,100,3444.162941
359.75232,100,3466.327398
355.63187,100,3466.327479
337.2442,100,3466.327494
359.64493,100,3466.327504
338.03238,100,3466.327513
297.7675,100,3466.327522
239.79393,100,3466.327531
337.60352,100,3466.32754
339.51016,100,3478.953937
311.64987,100,3478.954012
353.38547,100,3478.954025
328.19284,100,3478.954034
336.10184,100,3478.954043
332.15585,100,3478.954052
341.10635,100,3478.954061
316.54907,100,3478.954069
309.43137,100,3501.619588
324.09174,100,3501.619668
332.78528,100,3501.61968
330.02484,100,3501.61969
332.17078,100,3501.619699
307.264,100,3501.619708
338.93616,100,3501.619717
358.13748,100,3501.619725
339.57706,100,3515.633793
371.72104,100,3515.633865
374.4334,100,3515.633878
345.8564,100,3515.633888
298.76974,100,3515.633897
332.0725,100,3515.633906
344.2335,100,3515.633915
369.9619,100,3515.633924
349.40988,100,3538.264442
356.1552,100,3538.264547
313.17047,100,3538.264569
375.49017,100,3538.264586
343.40515,100,3538.264602
368.99683,100,3538.26462
334.9393,100,3538.264637
329.33975,100,3538.264653
371.20013,100,3560.944873
351.84106,100,3560.944952
356.75507,100,3560.944965
366.99374,100,3560.944974
348.84134,100,3560.944983
350.9466,100,3560.944991
360.6964,100,3560.945
284.68942,100,3560.945009
341.97055,100,3574.26775
335.14267,100,3574.267833
335.7146,100,3574.267846
294.00027,100,3574.267856
327.70282,100,3574.267865
343.45605,100,3574.267874
334.25107,100,3574.267908
354.90994,100,3574.267917
345.32675,100,3596.997805
344.27985,100,3596.997879
340.8519,100,3596.997891
350.27576,100,3596.9979
355.19153,100,3596.99791
358.15622,100,3596.99792
265.48703,100,3596.997928
377.0196,100,3596.997936
374.6855,100,3610.435865
322.89835,100,3610.435943
339.837,100,3610.435955
307.33746,100,3610.435964
352.1852,100,3610.435973
333.04416,100,3610.435982
340.54498,100,3610.435991
328.5514,100,3610.436
348.7826,100,3632.914877
351.63928,100,3632.914957
334.70782,100,3632.914972
323.70316,100,3632.914982
315.55374,100,3632.914991
342.77744,100,3632.915
352.31436,100,3632.915009
346.0907,100,3632.915018
359.17978,100,3645.9284
364.81732,100,3645.928483
362.1532,100,3645.928499
349.90323,100,3645.928508
381.82462,100,3645.928517
362.8864,100,3645.928525
346.80127,100,3645.928534
390.9416,100,3645.928542
377.55173,100,3668.957994
361.10458,100,3668.958068
357.17197,100,3668.958081
356.39774,100,3668.958089
312.3217,100,3668.958098
341.8309,100,3668.958106
366.32764,100,3668.958115
318.9606,100,3668.958123
327.8377,100,3693.311759
367.61392,100,3693.311837
368.24673,100,3693.31185
374.4676,100,3693.311859
355.84354,100,3693.311868
394.30988,100,3693.311877
371.31262,100,3693.311886
347.1165,100,3693.311894
363.25623,100,3706.036126
353.87805,100,3706.036205
357.06934,100,3706.036218
358.87476,100,3706.036227
324.77777,100,3706.036237
345.07642,100,3706.036245
356.68936,100,3706.036254
347.04803,100,3706.036263
362.54,100,3728.85751
335.46637,100,3728.857589
338.76364,100,3728.857602
342.0292,100,3728.857612
350.12155,100,3728.85762
360.01392,100,3728.857629
309.96817,100,3728.857638
371.9872,100,3728.857646
382.12097,100,3743.184587
352.50806,100,3743.184659
345.90106,100,3743.184672
336.04068,100,3743.184681
326.54913,100,3743.18469
371.29492,100,3743.184699
364.3523,100,3743.184708
376.28738,100,3743.184716
348.78912,100,3765.968717
366.21683,100,3765.968815
367.41452,100,3765.968836
348.15408,100,3765.968852
364.93246,100,3765.968867
347.64658,100,3765.968881
361.23193,100,3765.968896
345.90582,100,3765.96891
316.92587,100,3779.239964
324.22156,100,3779.240056
326.17966,100,3779.240078
355.06808,100,3779.240095
265.99774,100,3779.240112
377.44684,100,3779.240128
367.27948,100,3779.240144
333.77255,100,3779.240159
349.32196,100,3803.062207
382.50296,100,3803.062282
361.40787,100,3803.062295
381.29114,100,3803.062305
382.36102,100,3803.062314
339.72925,100,3803.062323
362.62057,100,3803.062332
377.5608,100,3803.062341
361.40866,100,3816.209505
365.93652,100,3816.209596
371.76492,100,3816.20962
368.54306,100,3816.209639
307.9109,100,3816.209656
355.10272,100,3816.209673
324.89423,100,3816.20969
388.9398,100,3816.209707
366.53757,100,3838.842689
370.94623,100,3838.84278
311.72568,100,3838.842803
366.33963,100,3838.842821
209.73738,100,3838.842836
366.32965,100,3838.842852
310.31445,100,3838.842868
328.19855,100,3838.842883
381.74667,100,3861.629158
379.49838,100,3861.629238
325.34,100,3861.629251
376.03644,100,3861.629261
290.93488,100,3861.629269
351.43753,100,3861.629278
336.22705,100,3861.629287
371.20746,100,3861.629295
358.18396,100,3874.827528
377.3474,100,3874.827602
356.4232,100,3874.827613
310.4107,100,3874.827623
345.43314,100,3874.827631
377.0179,100,3874.82764
344.72855,100,3874.827648
334.7798,100,3874.827657
336.3681,100,3897.925793
500.66147,100,3897.925868
340.05865,100,3897.925881
361.9528,100,3897.925891
323.50885,100,3897.9259
349.54657,100,3897.925909
379.767,100,3897.925918
361.19205,100,3897.925927
347.01736,100,3912.904651
366.54178,100,3912.904728
349.9502,100,3912.904741
368.61926,100,3912.90475
384.45316,100,3912.904758
345.57812,100,3912.904767
346.7924,100,3912.904775
326.82852,100,3912.904783
331.65622,100,3936.155506
381.79095,100,3936.155598
377.37335,100,3936.155624
375.78494,100,3936.155641
382.62082,100,3936.155656
358.02795,100,3936.155672
322.97626,100,3936.155687
370.3509,100,3936.155703
346.9899,100,3949.285679
343.38284,100,3949.285741
355.7503,100,3949.285753
332.34467,100,3949.285761
342.92413,100,3949.285769
376.34564,100,3949.285777
376.28568,100,3949.285786
348.92786,100,3949.285794
367.76797,100,3972.287194
339.33658,100,3972.28727
375.04755,100,3972.287283
346.28812,100,3972.287293
347.38434,100,3972.287301
300.06488,100,3972.287309
380.5219,100,3972.287318
350.58908,100,3972.287327
347.96487,100,3995.093174
367.62567,100,3995.093261
270.86996,100,3995.093274
370.63913,100,3995.093283
309.56995,100,3995.093292
331.87018,100,3995.093301
369.1766,100,3995.09331
364.823,100,3995.093319
357.03546,100,4008.588626
337.54266,100,4008.588716
342.95502,100,4008.588738
341.8292,100,4008.588755
348.84378,100,4008.588772
341.1259,100,4008.588789
317.75345,100,4008.588804
381.63715,100,4008.58882
371.4521,100,4031.501954
337.94702,100,4031.502026
382.36148,100,4031.502038
355.8208,100,4031.502048
341.40356,100,4031.502057
358.3865,100,4031.502065
367.80637,100,4031.502074
366.13284,100,4031.502083
361.86676,100,4044.599903
335.3731,100,4044.599988
371.72583,100,4044.600005
348.72903,100,4044.600018
365.33594,100,4044.60003
358.65115,100,4044.600042
346.63663,100,4044.600054
346.113,100,4044.600065
336.57407,100,4067.642673
386.37708,100,4067.64277
351.0003,100,4067.642784
325.08917,100,4067.642794
322.8011,100,4067.642804
335.59818,100,4067.642813
351.22263,100,4067.642822
371.24,100,4067.642832
344.2863,100,4081.196399
345.76276,100,4081.196502
360.2102,100,4081.196526
369.26462,100,4081.196544
325.62427,100,4081.196561
351.57468,100,4081.196577
374.139,100,4081.196593
333.37628,100,4081.196609
319.66028,100,4103.776946
342.2875,100,4103.777024
387.23602,100,4103.777036
359.21152,100,4103.777046
356.34418,100,4103.777055
382.2794,100,4103.777063
373.6468,100,4103.777072
334.53665,100,4103.77708
358.9521,100,4117.042559
380.50183,100,4117.042636
326.48755,100,4117.042648
372.44153,100,4117.042657
370.10706,100,4117.042665
359.25876,100,4117.042674
390.63602,100,4117.042682
363.59183,100,4117.042691
360.62463,100,4139.89567
326.4493,100,4139.895746
368.78815,100,4139.895759
362.50006,100,4139.895768
327.6085,100,4139.895777
345.8242,100,4139.895785
341.4178,100,4139.895794
350.16998,100,4139.895802
360.51614,100,4164.129092
313.07312,100,4164.129164
310.02197,100,4164.129177
381.19678,100,4164.129185
303.9563,100,4164.129194
374.3985,100,4164.129202
254.82631,100,4164.129211
350.0441,100,4164.12922
347.15826,100,4177.511634
315.51343,100,4177.511727
360.44934,100,4177.511749
355.25598,100,4177.511766
362.2727,100,4177.511782
354.24454,100,4177.511797
395.41977,100,4177.511813
361.718,100,4177.511829
352.60242,100,4200.977805
376.4151,100,4200.977896
319.4023,100,4200.977919
365.3153,100,4200.977936
349.3067,100,4200.977951
322.77826,100,4200.977967
389.0541,100,4200.977983
382.46152,100,4200.977998
328.04404,100,4213.992224
360.40213,100,4213.992297
322.75583,100,4213.992309
332.75684,100,4213.992317
375.3421,100,4213.992326
359.08813,100,4213.992334
331.4418,100,4213.992342
390.86636,100,4213.99235
372.78604,100,4237.133714
312.83804,100,4237.133793
349.51602,100,4237.133806
356.77182,100,4237.133815
333.7327,100,4237.133823
317.41327,100,4237.133831
351.0257,100,4237.13384
352.31494,100,4237.133848
356.3133,100,4251.169401
355.919,100,4251.169503
336.05988,100,4251.169527
345.00513,100,4251.169545
330.53064,100,4251.169561
358.15573,100,4251.169577
373.1543,100,4251.169593
341.7493,100,4251.169609
386.9119,100,4274.601551
370.77216,100,4274.601644
386.87497,100,4274.601665
342.87155,100,4274.601681
381.19604,100,4274.601696
371.74884,100,4274.601711
356.01346,100,4274.601726
346.06366,100,4274.601741
390.228,100,4297.894589
382.3722,100,4297.894693
352.81027,100,4297.894717
350.10306,100,4297.894737
362.60632,100,4297.894755
345.71454,100,4297.894772
373.6038,100,4297.894789
377.9,100,4297.894807
363.35953,100,4311.024871
319.55106,100,4311.02495
339.80185,100,4311.024976
374.589,100,4311.024986
336.92767,100,4311.024995
308.37268,100,4311.025004
359.4852,100,4311.025014
263.4849,100,4311.025023
386.3303,100,4334.064791
360.70096,100,4334.064865
369.65833,100,4334.064877
354.37787,100,4334.064885
334.1777,100,4334.064894
364.74673,100,4334.064902
358.7793,100,4334.06491
355.02707,100,4334.064918
375.30936,100,4347.48
381.7223,100,4347.480091
361.38745,100,4347.480114
341.66098,100,4347.480132
359.4688,100,4347.480149
358.56998,100,4347.480164
334.25494,100,4347.480181
293.09448,100,4347.480196
369.12723,100,4371.95272
352.49463,100,4371.95281
358.42783,100,4371.952833
370.62473,100,4371.95285
380.7234,100,4371.952866
374.6222,100,4371.952882
363.3761,100,4371.952898
344.5699,100,4371.952913
353.96936,100,4385.719132
381.86115,100,4385.719213
388.7743,100,4385.719225
369.01318,100,4385.719234
356.52753,100,4385.719242
378.01318,100,4385.71925
370.67722,100,4385.719259
363.86035,100,4385.719268
350.98373,100,4407.926595
360.70865,100,4407.926671
347.1283,100,4407.926683
361.8253,100,4407.926692
388.78073,100,4407.926701
349.19318,100,4407.926709
360.1827,100,4407.926717
345.59024,100,4407.926725
362.7745,100,4421.105269
350.25854,100,4421.105342
389.16675,100,4421.105355
363.58206,100,4421.105364
364.77542,100,4421.105373
332.80493,100,4421.105381
294.22253,100,4421.10539
335.40707,100,4421.105399
390.4123,100,4445.458875
377.70877,100,4445.458946
352.01456,100,4445.458959
360.93747,100,4445.458969
366.1483,100,4445.458977
391.3273,100,4445.458986
372.66998,100,4445.458994
355.19394,100,4445.459003
334.36072,100,4468.71673
363.9337,100,4468.716813
320.8177,100,4468.716825
347.9002,100,4468.716835
358.8238,100,4468.716843
348.17007,100,4468.716852
363.85077,100,4468.71686
384.61768,100,4468.716869
364.462,100,4482.915785
364.25616,100,4482.915877
390.02484,100,4482.9159
355.4644,100,4482.915917
287.93433,100,4482.915933
367.5927,100,4482.915949
368.9374,100,4482.915965
367.85037,100,4482.915981
341.5442,100,4506.816711
357.4284,100,4506.816784
348.99258,100,4506.816797
396.11478,100,4506.816806
357.92438,100,4506.816814
393.453,100,4506.816823
367.1127,100,4506.816831
356.60904,100,4506.816839
361.68286,100,4520.235944
360.01062,100,4520.236035
316.31775,100,4520.236058
312.97562,100,4520.236075
357.68896,100,4520.236091
341.9087,100,4520.236107
326.15686,100,4520.236123
343.89746,100,4520.236138
341.23917,100,4543.580371
367.2013,100,4543.580448
356.31607,100,4543.580471
363.14926,100,4543.580484
381.12766,100,4543.580493
382.10553,100,4543.580501
371.99994,100,4543.58051
385.54068,100,4543.580519
389.75223,100,4557.744791
351.95758,100,4557.744885
360.91406,100,4557.744907
375.44284,100,4557.744924
334.77036,100,4557.74494
301.04797,100,4557.744956
356.62756,100,4557.744972
247.08849,100,4557.744987
344.6941,100,4580.318372
379.132,100,4580.318446
338.0991,100,4580.318458
360.42105,100,4580.318478
294.9596,100,4580.318487
371.43808,100,4580.318495
358.04376,100,4580.318504
370.94205,100,4580.318512
372.41147,100,4603.805997
328.9846,100,4603.806072
347.6229,100,4603.806084
355.35754,100,4603.806093
333.7453,100,4603.806102
345.0861,100,4603.80611
354.05444,100,4603.806118
376.98648,100,4603.806126
363.38815,100,4617.455274
378.0854,100,4617.455346
380.9301,100,4617.455358
342.59012,100,4617.455367
376.06003,100,4617.455375
338.97357,100,4617.455383
338.68005,100,4617.455391
318.99936,100,4617.4554
357.4061,100,4641.20504
300.26022,100,4641.205116
339.1446,100,4641.205128
376.51385,100,4641.205137
398.29913,100,4641.205146
361.07333,100,4641.205154
357.67435,100,4641.205163
367.12946,100,4641.205171
377.86694,100,4655.024625
384.7029,100,4655.024701
372.43762,100,4655.024714
331.50073,100,4655.024724
386.68488,100,4655.024732
319.86572,100,4655.024741
342.25455,100,4655.024749
340.3095,100,4655.024757
359.4077,100,4678.925021
351.11472,100,4678.925111
365.85068,100,4678.925123
323.6029,100,4678.925133
372.93677,100,4678.925141
329.03354,100,4678.925163
371.11398,100,4678.925172
369.31924,100,4678.925181
379.13486,100,4692.111011
359.7376,100,4692.111088
360.6149,100,4692.1111
375.9106,100,4692.111109
383.87595,100,4692.111118
374.76575,100,4692.111126
298.73523,100,4692.111135
278.65253,100,4692.111143
341.53424,100,4714.827066
363.67578,100,4714.827161
375.24387,100,4714.827185
356.569,100,4714.827203
366.302,100,4714.82722
359.20676,100,4714.827236
379.9499,100,4714.827253
285.87845,100,4714.827269
384.81134,100,4727.932652
364.23395,100,4727.932726
375.52,100,4727.93274
368.6759,100,4727.93275
363.8423,100,4727.932758
347.62567,100,4727.932767
358.57886,100,4727.932775
349.6005,100,4727.932783
374.13696,100,4750.758758
369.9203,100,4750.758835
381.6249,100,4750.758847
369.7842,100,4750.758856
327.0645,100,4750.758864
331.5905,100,4750.758873
353.96854,100,4750.758881
325.87183,100,4750.75889
339.2182,100,4773.305451
356.79062,100,4773.305534
306.5761,100,4773.305547
357.1647,100,4773.305556
330.58258,100,4773.305565
353.98605,100,4773.305574
347.8415,100,4773.305584
381.25314,100,4773.305593
341.2125,100,4787.638882
361.24872,100,4787.638972
375.38278,100,4787.638993
368.41782,100,4787.639008
395.29636,100,4787.639023
349.504,100,4787.639037
317.70145,100,4787.639052
367.71014,100,4787.639066
370.8878,100,4811.267557
384.71622,100,4811.267637
375.47324,100,4811.267649
386.5206,100,4811.267658
372.49127,100,4811.267667
373.85916,100,4811.267675
292.20087,100,4811.267684
290.6749,100,4811.267692
357.31253,100,4824.311582
362.08212,100,4824.311657
351.2576,100,4824.311668
378.4786,100,4824.311677
387.39627,100,4824.311685
356.62253,100,4824.311693
351.88797,100,4824.311701
363.62344,100,4824.311709
383.33847,100,4849.395227
334.13065,100,4849.395295
361.00143,100,4849.395306
381.65247,100,4849.395315
345.3987,100,4849.395323
348.5614,100,4849.395331
342.24307,100,4849.395339
355.12863,100,4849.395347
386.38113,100,4862.948166
296.0601,100,4862.948259
369.08615,100,4862.948281
371.1541,100,4862.948298
377.29077,100,4862.948313
330.45728,100,4862.948329
340.0753,100,4862.948344
335.4348,100,4862.948359
365.14178,100,4886.100996
352.91513,100,4886.101085
288.77036,100,4886.101106
374.75098,100,4886.101121
374.2039,100,4886.101136
378.3494,100,4886.101151
363.58804,100,4886.101166
360.36856,100,4886.101181
337.0591,100,4909.861836
366.53583,100,4909.861911
310.07465,100,4909.861923
357.12854,100,4909.861933
345.73907,100,4909.861942
361.37717,100,4909.86195
352.5731,100,4909.861959
346.162,100,4909.861968
300.76178,100,4923.649948
368.4491,100,4923.650025
354.07626,100,4923.650037
357.45868,100,4923.650046
348.56512,100,4923.650054
366.82175,100,4923.650062
377.34366,100,4923.65007
348.47644,100,4923.650078
363.51572,100,4947.251373
378.09204,100,4947.251446
343.02322,100,4947.251459
336.547,100,4947.251482
329.39368,100,4947.251491
293.03674,100,4947.251499
377.0252,100,4947.251508
350.20547,100,4947.251516
387.6384,100,4960.513603
380.97522,100,4960.513678
337.95987,100,4960.513691
304.85367,100,4960.5137
340.2804,100,4960.51371
361.94604,100,4960.513719
372.6101,100,4960.513728
366.79102,100,4960.513737
365.60727,100,4983.149611
301.0549,100,4983.149684
363.1836,100,4983.149697
313.98557,100,4983.149706
373.65326,100,4983.149715
382.90753,100,4983.149723
381.36676,100,4983.149732
323.60687,100,4983.14974
343.14862,100,4996.410476
369.3613,100,4996.410549
363.61093,100,4996.410562
392.95844,100,4996.410571
323.9001,100,4996.410579
355.60736,100,4996.410588
314.6194,100,4996.410596
308.69443,100,4996.410604
364.98453,100,5019.017726
361.83237,100,5019.017823
352.22153,100,5019.017847
353.12424,100,5019.017864
369.1496,100,5019.017882
381.6214,100,5019.017898
369.98105,100,5019.017915
335.7509,100,5019.017993
368.60028,100,5032.494959
286.39893,100,5032.495049
326.1849,100,5032.495072
358.0276,100,5032.495089
297.58182,100,5032.495105
377.25858,100,5032.49512
352.53003,100,5032.495136
346.42523,100,5032.495185
367.08337,100,5055.651002
373.74823,100,5055.651079
358.99884,100,5055.651091
345.5115,100,5055.6511
380.64246,100,5055.651109
376.0865,100,5055.651118
358.488,100,5055.651126
367.3273,100,5055.651134
347.55185,100,5078.446323
388.5909,100,5078.446402
332.4754,100,5078.446414
364.72015,100,5078.446423
363.62195,100,5078.446431
372.5649,100,5078.446439
364.38217,100,5078.446447
347.63864,100,5078.446455
365.19037,100,5091.32983
376.5598,100,5091.32992
339.20312,100,5091.329942
367.2001,100,5091.32996
375.45255,100,5091.329977
377.84866,100,5091.329993
313.82944,100,5091.330009
310.09204,100,5091.330025
329.29257,100,5113.918166
378.1952,100,5113.918243
341.88324,100,5113.918255
370.64392,100,5113.918264
374.7258,100,5113.918273
374.4953,100,5113.918281
381.27838,100,5113.91829
350.25458,100,5113.918298
366.0035,100,5129.456747
338.06815,100,5129.456819
346.0958,100,5129.456832
380.30362,100,5129.456841
355.8569,100,5129.45685
378.08786,100,5129.456858
388.3337,100,5129.456866
382.1576,100,5129.456874
334.2608,100,5152.724831
393.4983,100,5152.724927
377.4114,100,5152.72495
357.3269,100,5152.724967
360.14435,100,5152.724984
371.5229,100,5152.725001
295.67883,100,5152.725017
383.76553,100,5152.725032
379.83716,100,5166.546798
377.33582,100,5166.54689
347.82492,100,5166.546912
352.25827,100,5166.546929
364.67648,100,5166.546945
347.6417,100,5166.54696
363.74268,100,5166.546976
366.1506,100,5166.546992
337.14255,100,5190.866222
354.60944,100,5190.866318
354.86517,100,5190.866339
335.3141,100,5190.866355
378.8692,100,5190.866369
304.03165,100,5190.866383
355.3025,100,5190.866398
380.28055,100,5190.866412
381.89014,100,5214.590058
347.89694,100,5214.590129
393.98615,100,5214.590141
342.29938,100,5214.59015
296.76047,100,5214.590158
324.46124,100,5214.590167
359.6431,100,5214.590175
311.08536,100,5214.590184
359.44586,100,5227.517122
379.2842,100,5227.517222
342.40094,100,5227.517244
379.00256,100,5227.517261
350.39636,100,5227.517277
326.11157,100,5227.517292
349.79355,100,5227.517308
332.9513,100,5227.517324
292.26376,100,5251.415764
391.64972,100,5251.415856
385.22714,100,5251.415878
309.49243,100,5251.415895
379.52072,100,5251.415912
334.62888,100,5251.415928
263.53113,100,5251.415944
380.50378,100,5251.415959
365.82455,100,5266.233633
296.54074,100,5266.233728
374.77338,100,5266.233752
382.30267,100,5266.233769
308.44232,100,5266.233786
379.07922,100,5266.233801
360.82263,100,5266.233817
296.01007,100,5266.233833
368.32358,100,5289.256571
360.47458,100,5289.256648
358.15018,100,5289.256662
358.47217,100,5289.256672
366.40714,100,5289.256683
386.18613,100,5289.256692
361.4572,100,5289.256701
383.03827,100,5289.256709
299.93268,100,5302.800707
351.9356,100,5302.800785
355.67194,100,5302.800798
389.8531,100,5302.800807
366.64902,100,5302.800816
387.7697,100,5302.800825
386.187,100,5302.800834
376.65753,100,5302.800843
356.78055,100,5326.930646
372.45425,100,5326.930734
382.9893,100,5326.930747
368.36627,100,5326.930756
401.70407,100,5326.930765
373.196,100,5326.930773
360.2797,100,5326.930782
368.1012,100,5326.93079
363.5055,100,5340.91777
347.36374,100,5340.91784
397.54965,100,5340.917853
374.73407,100,5340.917864
367.61856,100,5340.917873
327.19775,100,5340.917883
298.67715,100,5340.917892
367.54834,100,5340.917902
330.10995,100,5364.708701
334.98123,100,5364.708773
264.02612,100,5364.708786
388.5645,100,5364.708795
330.1658,100,5364.708803
296.20905,100,5364.708812
369.97195,100,5364.70882
344.77707,100,5364.708828
282.60513,100,5388.121541
317.4721,100,5388.121624
342.19556,100,5388.121637
371.89264,100,5388.121648
347.40485,100,5388.121658
343.46375,100,5388.121667
390.64523,100,5388.121676
333.271,100,5388.121685
373.5293,100,5403.083704
390.9655,100,5403.083778
374.49185,100,5403.08379
387.70108,100,5403.0838
379.32095,100,5403.083809
272.25696,100,5403.083818
345.2485,100,5403.083827
370.22162,100,5403.083836
346.0287,100,5426.346293
387.08456,100,5426.346372
392.4682,100,5426.346398
375.76477,100,5426.346408
339.69855,100,5426.346417
358.0274,100,5426.346425
355.24164,100,5426.346434
328.28906,100,5426.346442
378.76892,100,5440.921185
378.48987,100,5440.92127
381.6577,100,5440.921291
284.43112,100,5440.921307
288.32864,100,5440.921322
329.535,100,5440.921337
392.60684,100,5440.921352
396.26788,100,5440.921367
385.80026,100,5463.994478
351.18848,100,5463.99457
388.95743,100,5463.994593
398.40164,100,5463.99461
393.28296,100,5463.994627
375.6221,100,5463.994642
385.917,100,5463.994658
359.16617,100,5463.994674
358.46692,100,5479.227628
367.63837,100,5479.227701
404.35617,100,5479.227714
394.08722,100,5479.227723
375.04932,100,5479.227732
388.62305,100,5479.22774
325.09537,100,5479.227749
367.86136,100,5479.227758
320.9563,100,5504.253899
279.2347,100,5504.253973
376.2254,100,5504.253986
357.855,100,5504.253996
390.76434,100,5504.254005
374.76624,100,5504.254014
392.37418,100,5504.254023
341.51187,100,5504.254032
293.50146,100,5530.578418
383.67746,100,5530.578503
325.50317,100,5530.578516
380.4766,100,5530.578525
397.33533,100,5530.578534
356.431,100,5530.578543
368.8149,100,5530.578552
380.98248,100,5530.578561
382.9029,100,5544.788774
268.15878,100,5544.788845
383.43878,100,5544.788858
392.03772,100,5544.788867
355.77985,100,5544.788875
330.41724,100,5544.788884
379.299,100,5544.788892
369.44397,100,5544.7889
372.9073,100,5567.581952
383.75958,100,5567.582029
323.53955,100,5567.582042
368.9613,100,5567.582051
351.8425,100,5567.58206
351.72046,100,5567.582068
321.86676,100,5567.582077
375.15027,100,5567.582086
361.7784,100,5580.861732
348.27872,100,5580.86181
337.8569,100,5580.861823
273.80316,100,5580.861833
393.01053,100,5580.861843
330.14905,100,5580.861852
328.71948,100,5580.861861
378.78043,100,5580.861871
374.36948,100,5604.563415
398.16922,100,5604.563503
379.01746,100,5604.563516
359.96555,100,5604.563526
332.21164,100,5604.563534
373.75916,100,5604.563543
370.06052,100,5604.563552
343.77493,100,5604.563561
382.9833,100,5618.323643
373.0996,100,5618.323723
377.2821,100,5618.323736
362.37628,100,5618.323746
369.39062,100,5618.323755
380.53806,100,5618.323764
306.11166,100,5618.323772
361.5303,100,5618.323781
359.3169,100,5640.989066
362.56992,100,5640.98916
294.5184,100,5640.989183
338.13367,100,5640.9892
396.0576,100,5640.989217
367.06314,100,5640.989233
316.94556,100,5640.989249
307.92157,100,5640.989264
360.49338,100,5654.307626
337.13107,100,5654.307714
334.51364,100,5654.307735
376.45758,100,5654.307752
378.09146,100,5654.307767
361.1001,100,5654.307783
368.85205,100,5654.307798
388.00858,100,5654.307813
341.72586,100,5678.423088
337.38254,100,5678.423164
358.33557,100,5678.423177
376.70465,100,5678.423186
396.79715,100,5678.423195
344.09277,100,5678.423204
372.7296,100,5678.423213
405.1517,100,5678.423221
261.65396,100,5703.376873
379.82486,100,5703.376954
378.0993,100,5703.376967
389.71283,100,5703.376976
330.4253,100,5703.376985
327.8989,100,5703.376994
375.60062,100,5703.377003
346.39066,100,5703.377012
374.2872,100,5719.442262
390.10608,100,5719.442338
380.6186,100,5719.442351
331.57315,100,5719.44236
380.60806,100,5719.442369
394.94205,100,5719.442377
387.1658,100,5719.442385
362.8751,100,5719.442394
391.54617,100,5743.338483
347.576,100,5743.338576
354.03445,100,5743.338599
377.55356,100,5743.338616
336.39203,100,5743.338632
367.54276,100,5743.338649
373.23367,100,5743.338664
354.45422,100,5743.338681
386.42584,100,5757.161764
385.21814,100,5757.161838
376.41885,100,5757.16185
322.89212,100,5757.16186
387.16437,100,5757.161869
385.6802,100,5757.161878
379.467,100,5757.161886
375.24918,100,5757.161895
373.92838,100,5780.458814
321.9009,100,5780.458889
376.7378,100,5780.458902
383.16275,100,5780.458911
381.8973,100,5780.45892
372.6423,100,5780.458929
374.90405,100,5780.458937
402.77582,100,5780.458946
390.06497,100,5794.285682
392.6743,100,5794.285762
384.08005,100,5794.285774
371.0101,100,5794.285784
346.08572,100,5794.285826
322.39685,100,5794.285836
345.4977,100,5794.285846
390.83807,100,5794.285854
399.08566,100,5817.980385
354.50122,100,5817.980456
381.61505,100,5817.980481
382.17844,100,5817.980491
351.66986,100,5817.9805
290.3151,100,5817.980509
354.49118,100,5817.980517
344.86142,100,5817.980526
354.96658,100,5842.737451
379.7567,100,5842.737553
352.87808,100,5842.737575
391.80475,100,5842.737591
387.98978,100,5842.737606
115.79069,100,5842.737621
380.53894,100,5842.737636
395.3938,100,5842.73765
398.93616,100,5857.476814
367.85577,100,5857.47689
380.29932,100,5857.476903
326.0027,100,5857.476913
325.9753,100,5857.476922
380.23047,100,5857.476931
354.67325,100,5857.47694
377.06863,100,5857.476949
395.05594,100,5881.090691
390.1267,100,5881.090768
354.25653,100,5881.090781
352.45184,100,5881.09079
355.5597,100,5881.090799
389.6644,100,5881.090807
317.39893,100,5881.090816
376.6628,100,5881.090825
384.03467,100,5894.853257
317.95657,100,5894.853343
379.265,100,5894.853357
388.89374,100,5894.853367
376.50198,100,5894.853376
366.00595,100,5894.853386
351.44305,100,5894.853395
379.96643,100,5894.853404
385.3515,100,5917.753729
346.3413,100,5917.753821
386.14902,100,5917.753843
379.54855,100,5917.75386
322.1737,100,5917.753875
362.38098,100,5917.75389
344.71765,100,5917.753906
337.3623,100,5917.753921
380.0401,100,5930.871783
405.55087,100,5930.871878
366.3251,100,5930.8719
291.81213,100,5930.871917
362.66885,100,5930.871934
303.6141,100,5930.871949
356.52362,100,5930.871965
342.50458,100,5930.87198
386.0459,100,5954.151604
377.3215,100,5954.151679
389.5371,100,5954.151692
385.9095,100,5954.151701
362.7562,100,5954.151711
347.91812,100,5954.151719
377.76688,100,5954.151729
358.24408,100,5954.151737
385.7068,100,5968.899252
353.27036,100,5968.899325
378.07016,100,5968.899338
364.9583,100,5968.899348
285.4758,100,5968.899356
363.5107,100,5968.899365
351.45364,100,5968.899373
371.41406,100,5968.899382
370.5383,100,5992.552117
360.47537,100,5992.552194
351.91885,100,5992.552207
376.6011,100,5992.552217
338.39496,100,5992.552226
377.19196,100,5992.552235
397.796,100,5992.552244
344.528,100,5992.552253
355.877,100,6015.913975
339.1717,100,6015.914057
339.99484,100,6015.914071
387.76624,100,6015.914081
339.17615,100,6015.91409
403.6571,100,6015.914099
350.65683,100,6015.914108
390.09332,100,6015.914117
362.97363,100,6029.550083
362.1755,100,6029.550158
394.0162,100,6029.550171
337.91476,100,6029.550181
366.01364,100,6029.55019
392.0771,100,6029.550199
354.77213,100,6029.550208
367.39816,100,6029.550217
368.9053,100,6052.869876
379.04248,100,6052.869946
374.1644,100,6052.869959
399.83932,100,6052.869967
328.34424,100,6052.869976
377.4675,100,6052.869984
355.67154,100,6052.869992
320.26343,100,6052.87
374.85306,100,6066.474759
297.32736,100,6066.47485
350.2995,100,6066.474872
400.36685,100,6066.474888
364.3419,100,6066.474904
388.01138,100,6066.474919
352.2661,100,6066.474935
395.5023,100,6066.47495
341.1444,100,6088.927825
339.25748,100,6088.9279
344.57156,100,6088.927912
370.55078,100,6088.927922
389.59793,100,6088.927931
367.51846,100,6088.92794
368.29727,100,6088.927948
360.8549,100,6088.927957
367.74078,100,6102.046549
396.59143,100,6102.046619
385.33762,100,6102.046631
371.79007,100,6102.046641
342.48813,100,6102.046649
410.51883,100,6102.046658
375.26337,100,6102.046666
390.40878,100,6102.046674
400.91916,100,6125.499239
346.46655,100,6125.499323
322.31613,100,6125.499337
369.0682,100,6125.499346
391.9433,100,6125.499355
345.63748,100,6125.499364
352.11734,100,6125.499373
384.32333,100,6125.499382
390.70078,100,6148.347365
372.41043,100,6148.347439
263.56104,100,6148.347452
346.8223,100,6148.347471
404.15298,100,6148.347483
343.22028,100,6148.347492
402.96127,100,6148.347501
369.1646,100,6148.34751
308.57547,100,6162.390178
344.8024,100,6162.390252
357.63544,100,6162.390265
363.64807,100,6162.390274
368.04675,100,6162.390283
366.47095,100,6162.390292
279.48984,100,6162.390314
372.9194,100,6162.390324
390.59424,100,6185.696725
353.95837,100,6185.696803
358.5157,100,6185.696816
367.5661,100,6185.696826
349.12048,100,6185.696835
372.34708,100,6185.696843
366.07245,100,6185.696851
395.3015,100,6185.69686
392.22638,100,6199.124992
336.84003,100,6199.125065
390.89468,100,6199.125078
354.8995,100,6199.125087
321.5083,100,6199.125096
382.94443,100,6199.125104
387.6611,100,6199.125113
380.622,100,6199.125122
386.44522,100,6222.085125
382.85678,100,6222.085199
398.09192,100,6222.085211
394.5306,100,6222.08522
317.50284,100,6222.085229
369.41357,100,6222.085237
350.81143,100,6222.085245
354.76218,100,6222.085254
376.1294,100,6235.327289
391.70914,100,6235.327382
132.13503,100,6235.327404
378.0563,100,6235.32742
333.6887,100,6235.327435
371.40787,100,6235.327449
286.91937,100,6235.327474
326.41357,100,6235.327495
347.26233,100,6258.014636
100.05064,100,6258.014709
377.98148,100,6258.014722
375.9164,100,6258.014731
374.19513,100,6258.01474
401.62762,100,6258.014749
385.7877,100,6258.014758
390.85736,100,6258.014766
360.13443,100,6271.517886
375.6422,100,6271.51799
314.4285,100,6271.518014
328.31754,100,6271.518032
311.90396,100,6271.518047
376.49878,100,6271.518062
370.57104,100,6271.518078
379.00363,100,6271.518093
386.75546,100,6295.398367
363.84427,100,6295.398477
385.96344,100,6295.398503
346.35516,100,6295.39852
365.0527,100,6295.398535
309.167,100,6295.398551
321.40012,100,6295.398566
335.70908,100,6295.398581
364.43637,100,6318.21229
367.88077,100,6318.212367
362.91165,100,6318.21238
378.11148,100,6318.212389
391.59818,100,6318.212398
374.02655,100,6318.212406
379.55304,100,6318.212415
339.38156,100,6318.212424
366.83463,100,6331.478956
350.57736,100,6331.479025
397.3954,100,6331.479037
346.1578,100,6331.479046
357.77945,100,6331.479055
389.67267,100,6331.479063
332.48215,100,6331.479071
390.37042,100,6331.47908
380.9231,100,6355.294818
365.97418,100,6355.294897
379.2333,100,6355.294911
378.09436,100,6355.29492
322.78458,100,6355.29493
360.11707,100,6355.294939
387.21207,100,6355.294948
383.69083,100,6355.294956
374.7474,100,6369.96333
377.28482,100,6369.963424
352.02182,100,6369.963446
363.72495,100,6369.963474
367.23654,100,6369.963494
394.77942,100,6369.96351
388.4493,100,6369.963525
370.30786,100,6369.963539
404.3343,100,6395.038888
272.57114,100,6395.038976
388.32666,100,6395.038998
371.34695,100,6395.039014
376.22812,100,6395.03903
339.0003,100,6395.039046
396.5639,100,6395.039062
383.6566,100,6395.039077
377.772,100,6409.008354
142.48412,100,6409.008455
381.44803,100,6409.0085
329.69843,100,6409.008518
388.106,100,6409.008533
355.46722,100,6409.008548
377.96606,100,6409.008563
342.9038,100,6409.008578
351.59772,100,6431.409762
347.87656,100,6431.409857
375.78302,100,6431.409875
352.88297,100,6431.409889
392.97003,100,6431.409902
379.3428,100,6431.409914
363.65164,100,6431.409927
370.32187,100,6431.409939
353.16278,100,6456.183571
321.48352,100,6456.183652
362.20007,100,6456.183665
373.7912,100,6456.183674
377.39578,100,6456.183684
373.23495,100,6456.183693
393.1709,100,6456.183702
356.2316,100,6456.183711
371.30713,100,6469.360352
393.13852,100,6469.360448
370.32654,100,6469.360485
385.9909,100,6469.360502
359.9661,100,6469.360519
386.59436,100,6469.360535
368.3754,100,6469.360551
394.47647,100,6469.360566
382.736,100,6493.228977
383.16812,100,6493.229052
355.08203,100,6493.229065
372.67743,100,6493.229074
316.19272,100,6493.229083
402.4488,100,6493.229092
359.12827,100,6493.2291
312.7309,100,6493.229109
375.8212,100,6507.535383
359.25378,100,6507.535457
341.07568,100,6507.535481
384.59293,100,6507.535491
372.3992,100,6507.5355
354.5915,100,6507.535509
371.1172,100,6507.535519
375.78525,100,6507.535528
334.48663,100,6531.398835
390.0073,100,6531.398929
377.00668,100,6531.398951
285.34354,100,6531.39897
376.6968,100,6531.398986
388.4114,100,6531.399003
391.3691,100,6531.39902
403.34756,100,6531.399036
330.06033,100,6546.928765
359.43286,100,6546.928892
383.44742,100,6546.928914
397.33145,100,6546.92893
374.54916,100,6546.928945
388.09113,100,6546.92896
390.67966,100,6546.928975
368.66605,100,6546.92899
377.35226,100,6570.101866
377.74585,100,6570.101946
373.26648,100,6570.101959
386.67844,100,6570.101969
385.5768,100,6570.101978
383.89526,100,6570.101986
370.1733,100,6570.101995
365.501,100,6570.102004
331.00198,100,6583.354382
375.84872,100,6583.354473
367.08368,100,6583.354489
402.3284,100,6583.354498
365.66644,100,6583.354507
365.25055,100,6583.354516
389.7766,100,6583.354524
381.4811,100,6583.354533
396.17697,100,6606.933962
386.42838,100,6606.934055
377.68704,100,6606.934078
349.9909,100,6606.934095
386.07648,100,6606.934111
372.7834,100,6606.934127
392.78506,100,6606.934143
352.71182,100,6606.934159
376.90488,100,6630.220097
378.3859,100,6630.220173
374.03925,100,6630.220186
384.8895,100,6630.220196
383.7282,100,6630.220205
364.19064,100,6630.220214
372.59967,100,6630.220222
365.91025,100,6630.220231
348.02322,100,6643.527447
359.83267,100,6643.527536
342.00696,100,6643.527549
378.15952,100,6643.527559
362.14456,100,6643.527568
365.76056,100,6643.527576
380.6803,100,6643.527585
357.63477,100,6643.527594
356.78226,100,6666.677769
383.36093,100,6666.677859
388.63467,100,6666.67788
367.60626,100,6666.677897
386.7418,100,6666.677912
376.89886,100,6666.677928
358.87903,100,6666.677943
362.01892,100,6666.677958
381.14795,100,6679.988609
382.7221,100,6679.988701
360.6113,100,6679.988724
289.87424,100,6679.988741
386.0759,100,6679.988757
347.54123,100,6679.988773
352.63385,100,6679.988789
359.27484,100,6679.988805
380.87347,100,6704.107626
365.6101,100,6704.107727
381.0492,100,6704.107744
345.9604,100,6704.107759
381.31204,100,6704.107773
374.99576,100,6704.107787
388.6002,100,6704.1078
377.26334,100,6704.107813
382.45425,100,6718.368508
364.60916,100,6718.368581
380.3411,100,6718.368593
378.9774,100,6718.368603
351.4046,100,6718.368612
384.3465,100,6718.368621
286.82703,100,6718.36863
372.19156,100,6718.368639
334.14264,100,6742.073337
380.45956,100,6742.073431
381.1626,100,6742.073452
383.16653,100,6742.073484
354.31485,100,6742.073501
397.33722,100,6742.073516
371.54254,100,6742.073531
357.49576,100,6742.073546
375.75714,100,6765.311142
374.71634,100,6765.311221
320.65366,100,6765.311235
375.5261,100,6765.311245
401.1264,100,6765.311255
389.55426,100,6765.311265
375.93677,100,6765.311274
366.30902,100,6765.311283
376.25198,100,6778.726792
384.035,100,6778.726884
389.06982,100,6778.726906
393.46918,100,6778.726923
357.36584,100,6778.726939
338.24033,100,6778.726954
360.86667,100,6778.726969
378.5262,100,6778.726983
382.2109,100,6801.701111
358.0787,100,6801.701184
372.86322,100,6801.701197
354.3399,100,6801.701206
382.5799,100,6801.701215
342.85315,100,6801.701224
371.82605,100,6801.701233
377.77478,100,6801.701242
366.07477,100,6815.918227
387.88196,100,6815.918296
331.42044,100,6815.918308
393.36255,100,6815.918317
371.71594,100,6815.918325
378.07394,100,6815.918333
397.48532,100,6815.918342
392.80704,100,6815.91835
375.4539,100,6839.401891
374.02594,100,6839.401966
365.7594,100,6839.401979
325.3738,100,6839.401989
388.24493,100,6839.401998
362.23853,100,6839.402006
344.26572,100,6839.402016
356.9389,100,6839.402025
373.1203,100,6855.015043
381.0121,100,6855.015116
371.04718,100,6855.01513
386.29102,100,6855.015139
378.90585,100,6855.015148
376.35104,100,6855.015157
359.41446,100,6855.015166
326.54636,100,6855.015174
333.65503,100,6879.390533
344.48392,100,6879.390619
388.94165,100,6879.390639
216.7248,100,6879.390655
376.18622,100,6879.390669
350.2139,100,6879.390683
405.53857,100,6879.390697
395.48422,100,6879.390712
389.72952,100,6892.778976
367.50497,100,6892.779052
396.56268,100,6892.779064
373.40826,100,6892.779074
396.2954,100,6892.779083
322.44797,100,6892.779092
341.04727,100,6892.7791
373.55066,100,6892.779109
346.17685,100,6915.795326
389.75302,100,6915.795401
388.4592,100,6915.795415
367.3658,100,6915.795448
366.91125,100,6915.795459
373.32724,100,6915.79548
318.1267,100,6915.79549
389.00345,100,6915.795499
389.82413,100,6940.927416
385.64493,100,6940.927496
381.81824,100,6940.92751
372.07938,100,6940.92752
355.31354,100,6940.927529
377.92896,100,6940.927538
377.41434,100,6940.927547
342.97034,100,6940.927555
363.04337,100,6956.654039
372.73984,100,6956.654122
365.32214,100,6956.654135
367.40894,100,6956.654144
393.57205,100,6956.654153
377.48184,100,6956.654161
378.65704,100,6956.65417
342.6234,100,6956.654178
391.6421,100,6981.489868
393.34882,100,6981.489955
366.2168,100,6981.489978
343.9129,100,6981.489995
379.75497,100,6981.490011
341.26974,100,6981.490027
369.18555,100,6981.490043
335.00555,100,6981.490059
353.60065,100,6994.536175
371.09897,100,6994.536249
388.1256,100,6994.536262
378.41006,100,6994.536272
380.57477,100,6994.536281
388.19196,100,6994.53629
355.11673,100,6994.536299
305.6151,100,6994.536308
379.2918,100,7019.089459
367.2238,100,7019.089545
355.4073,100,7019.089559
374.62155,100,7019.089569
368.30365,100,7019.089579
389.87656,100,7019.089588
367.69034,100,7019.089597
389.2375,100,7019.089606
379.89178,100,7032.581615
382.90533,100,7032.58169
388.37814,100,7032.581703
355.82462,100,7032.581713
372.40155,100,7032.581722
318.54022,100,7032.581731
366.9513,100,7032.58174
387.99973,100,7032.581749
