time/episodes,rollout/ep_rew_mean,rollout/success_rate,rollout/ep_len_mean,time/fps,time/time_elapsed,time/total_timesteps,train/std,train/actor_loss,train/critic_loss,train/learning_rate,train/n_updates,train/ent_coef_loss,train/ent_coef
4,284.54263,0.0,100.0,249,1,400,0.025476466864347458,,,,,,
8,267.94434,0.0,100.0,251,3,800,0.025476466864347458,,,,,,
12,257.60184,0.0,100.0,126,9,1200,0.025504691526293755,-4.628798067569733,0.1662372536957264,0.0003,96,-17.56498682498932,0.19577661156654358
16,238.67136,0.0,100.0,108,14,1600,0.025515548884868622,-5.578372806310654,0.21523729152977467,0.0003,192,-18.917071044445038,0.18892970588058233
20,239.45715,0.0,100.0,96,20,2000,0.025522608309984207,-6.911072790622711,0.2716587670147419,0.0003,304,-19.37858533859253,0.18208023719489574
24,226.05003,0.0,100.0,92,25,2400,0.025525905191898346,-7.705193400382996,0.2963241059333086,0.0003,400,-19.202596187591553,0.17651349399238825
28,223.84558,0.0,100.0,90,31,2800,0.025531064718961716,-8.75417971611023,0.4868380296975374,0.0003,496,-19.526804208755493,0.17124204244464636
32,222.49228,0.0,100.0,88,36,3200,0.025535698980093002,-10.05756026506424,0.4824791233986616,0.0003,592,-20.34053659439087,0.16621847450733185
36,215.7629,0.0,100.0,86,41,3600,0.025541337206959724,-11.172860503196716,0.6930551081895828,0.0003,704,-21.09717583656311,0.1605405891314149
40,214.81055,0.0,100.0,85,46,4000,0.025543037801980972,-12.33977621793747,0.7877498529851437,0.0003,800,-20.956963300704956,0.1558838840574026
44,214.91597,0.0,100.0,84,52,4400,0.025545887649059296,-13.463680684566498,0.9610658511519432,0.0003,896,-21.466527223587036,0.1513489605858922
48,219.50537,0.0,100.0,83,57,4800,0.02554861269891262,-14.65632712841034,0.9595778919756413,0.0003,992,-21.711107969284058,0.1470069494098425
52,221.04164,0.0,100.0,82,63,5200,0.02555273100733757,-16.000855445861816,1.0985035821795464,0.0003,1104,-21.42549467086792,0.1421180535107851
56,218.59587,0.0,100.0,82,68,5600,0.02555706351995468,-16.87335443496704,1.2015743888914585,0.0003,1200,-22.88232445716858,0.1380857527256012
60,218.00508,0.0,100.0,81,73,6000,0.025560375303030014,-17.836828231811523,1.3903960175812244,0.0003,1296,-22.772552967071533,0.13414923567324877
64,217.8658,0.0,100.0,81,78,6400,0.025561949238181114,-19.22536826133728,1.799094058573246,0.0003,1392,-23.403260350227356,0.13031174521893263
68,216.3593,0.0,100.0,80,84,6800,0.02556636556982994,-19.999510765075684,1.7036603391170502,0.0003,1504,-23.058395266532898,0.12599107529968023
72,216.42827,0.0,100.0,80,89,7200,0.025569027289748192,-21.051510453224182,1.6900730654597282,0.0003,1600,-23.934808015823364,0.12243008660152555
76,216.65091,0.0,100.0,80,94,7600,0.025572646409273148,-22.05468738079071,1.8826783262193203,0.0003,1696,-23.684011220932007,0.11897590477019548
80,215.5552,0.0,100.0,80,99,8000,0.025575939565896988,-22.83438265323639,1.8189241960644722,0.0003,1792,-23.223398327827454,0.11563231004402041
84,212.92201,0.0,100.0,79,105,8400,0.02557883784174919,-24.136901021003723,1.8511487282812595,0.0003,1904,-24.843680262565613,0.11188852926716208
88,211.12477,0.0,100.0,79,110,8800,0.025581350550055504,-24.80446982383728,2.276209555566311,0.0003,2000,-24.025243997573853,0.10880965506657958
92,210.32361,0.0,100.0,79,115,9200,0.02558530494570732,-25.643207788467407,2.8675419092178345,0.0003,2096,-24.6896094083786,0.1057645482942462
96,209.89809,0.0,100.0,79,120,9600,0.025587590411305428,-26.69335412979126,2.509142093360424,0.0003,2192,-25.948798179626465,0.10281235305592418
100,209.64378,0.0,100.0,79,126,10000,0.025590436533093452,-27.550596117973328,2.8704547211527824,0.0003,2304,-25.28892493247986,0.09945312421768904
104,206.56622,0.0,100.0,78,131,10400,0.025591794401407242,-28.607747197151184,3.0567524060606956,0.0003,2400,-25.35932719707489,0.0967262708581984
108,204.5519,0.0,100.0,78,136,10800,0.02559504844248295,-29.54635226726532,3.309325374662876,0.0003,2496,-25.839598178863525,0.09408924588933587
112,202.18585,0.0,100.0,78,142,11200,0.025598319247364998,-30.66355049610138,3.007539816200733,0.0003,2592,-25.900826454162598,0.09153328044340014
116,204.01843,0.0,100.0,78,148,11600,0.025601061061024666,-31.69411075115204,3.446225881576538,0.0003,2704,-27.476938486099243,0.08859126036986709
120,203.05757,0.0,100.0,78,153,12000,0.025605227798223495,-32.64241826534271,3.0744833424687386,0.0003,2800,-25.24723994731903,0.08615990309044719
124,207.2345,0.0,100.0,78,158,12400,0.02560892142355442,-33.681926012039185,2.941529393196106,0.0003,2896,-26.3303279876709,0.0838300995528698
128,208.37892,0.0,100.0,78,163,12800,0.025610992684960365,-34.50321912765503,3.420210085809231,0.0003,2992,-25.316993355751038,0.08150959573686123
132,208.56754,0.0,100.0,78,169,13200,0.025613553822040558,-35.32710552215576,3.6161505803465843,0.0003,3104,-26.51161801815033,0.07894769171252847
136,212.20206,0.0,100.0,77,174,13600,0.02561606839299202,-36.125723123550415,3.9879811629652977,0.0003,3200,-26.632681488990784,0.07682958571240306
140,214.10637,0.0,100.0,77,179,14000,0.025621427223086357,-37.5087833404541,3.3443290069699287,0.0003,3296,-25.507187724113464,0.07477688696235418
144,214.75586,0.0,100.0,77,185,14400,0.025621779263019562,-39.393218994140625,3.2160585671663284,0.0003,3392,-25.634079933166504,0.07282402133569121
148,214.33377,0.0,100.0,77,190,14800,0.025624876841902733,-40.24131178855896,3.5558194369077682,0.0003,3504,-24.48585879802704,0.07062112540006638
152,214.51694,0.0,100.0,77,195,15200,0.025628549978137016,-40.62254595756531,3.566437140107155,0.0003,3600,-24.49792242050171,0.06880155578255653
156,215.16136,0.0,100.0,77,200,15600,0.025629056617617607,-41.2959303855896,3.1718554720282555,0.0003,3696,-24.90807580947876,0.06708288658410311
160,216.08244,0.0,100.0,77,206,16000,0.025633325800299644,-42.03578186035156,3.833636924624443,0.0003,3792,-25.023336052894592,0.06535810558125377
164,218.92804,0.0,100.0,77,211,16400,0.025634510442614555,-43.04799509048462,3.535692311823368,0.0003,3904,-26.780396342277527,0.06337501062080264
168,221.54156,0.0,100.0,77,217,16800,0.025637658312916756,-43.771865129470825,3.6753319650888443,0.0003,4000,-26.59231662750244,0.06173696438781917
172,224.04527,0.0,100.0,77,222,17200,0.025639306753873825,-45.013838052749634,4.105242446064949,0.0003,4096,-26.32096290588379,0.06012113834731281
176,224.41705,0.0,100.0,77,227,17600,0.025639168918132782,-45.91627287864685,4.801517024636269,0.0003,4192,-25.01101851463318,0.05856300378218293
180,225.93883,0.0,100.0,77,233,18000,0.025641631335020065,-46.68634295463562,4.979345321655273,0.0003,4304,-24.73805332183838,0.05682852561585605
184,230.51485,0.0,100.0,77,238,18400,0.025643911212682724,-47.62924766540527,4.5013880133628845,0.0003,4400,-26.311928153038025,0.05536238616332412
188,233.09586,0.0,100.0,77,243,18800,0.025647135451436043,-48.58435678482056,3.637011766433716,0.0003,4496,-26.006508946418762,0.053911286406219006
192,236.51933,0.0,100.0,77,249,19200,0.025647897273302078,-49.48797559738159,4.37261338531971,0.0003,4592,-25.095768809318542,0.05250220443122089
196,238.80766,0.0,100.0,76,255,19600,0.02565082162618637,-50.6163444519043,3.844887614250183,0.0003,4704,-26.377195954322815,0.050950659438967705
200,241.34555,0.0,100.0,76,260,20000,0.025651821866631508,-51.31996941566467,4.742436319589615,0.0003,4800,-25.79755437374115,0.04964078823104501
204,243.2241,0.0,100.0,76,265,20400,0.025653112679719925,-52.7601478099823,5.251568526029587,0.0003,4896,-24.725221753120422,0.04841009667143226
208,245.74709,0.0,100.0,76,271,20800,0.025656692683696747,-53.33644986152649,5.582829117774963,0.0003,4992,-23.213299036026,0.047190574929118156
212,249.34981,0.0,100.0,76,276,21200,0.025660183280706406,-54.178272008895874,4.83601376414299,0.0003,5104,-23.39865291118622,0.04580301069654524
216,250.52803,0.0,100.0,76,282,21600,0.02566111460328102,-55.24365282058716,5.403249576687813,0.0003,5200,-27.640663385391235,0.044666496105492115
220,252.68803,0.0,100.0,76,287,22000,0.025665033608675003,-55.70470070838928,4.716086313128471,0.0003,5296,-25.33812928199768,0.04349013324826956
224,252.83502,0.0,100.0,76,292,22400,0.025666000321507454,-56.716532468795776,6.829072088003159,0.0003,5392,-24.44407606124878,0.042387158842757344
228,253.67549,0.0,100.0,76,297,22800,0.02566842921078205,-58.146323919296265,7.684066712856293,0.0003,5504,-23.570505023002625,0.04114273143932223
232,254.94177,0.0,100.0,76,303,23200,0.02566748484969139,-58.97991704940796,7.268062174320221,0.0003,5600,-21.725048065185547,0.040146045153960586
236,255.05972,0.0,100.0,76,308,23600,0.02567104808986187,-60.11577272415161,6.65387299656868,0.0003,5696,-22.753625988960266,0.03923683566972613
240,256.40598,0.0,100.0,76,313,24000,0.025672968477010727,-60.888304233551025,6.720200538635254,0.0003,5792,-21.603798866271973,0.03834148100577295
244,258.47256,0.0,100.0,76,319,24400,0.025674963369965553,-62.339242696762085,6.03965425491333,0.0003,5904,-21.21588408946991,0.03729830449447036
248,259.56073,0.0,100.0,76,324,24800,0.02567591890692711,-62.96913266181946,7.153453767299652,0.0003,6000,-20.300148725509644,0.036460775416344404
252,260.4028,0.0,100.0,76,329,25200,0.025677569210529327,-63.64571738243103,7.581418871879578,0.0003,6096,-16.239835500717163,0.03569496050477028
256,263.15454,0.0,100.0,76,334,25600,0.02567875199019909,-64.77514147758484,10.590097159147263,0.0003,6192,-14.037940204143524,0.03496400243602693
260,265.1241,0.0,100.0,76,340,26000,0.025681529194116592,-65.88121724128723,7.183345228433609,0.0003,6304,-20.971572816371918,0.03415049007162452
264,264.85892,0.0,100.0,76,346,26400,0.02568427473306656,-67.05233097076416,6.8678388595581055,0.0003,6400,-18.444503664970398,0.03343406366184354
268,266.36572,0.0,100.0,76,351,26800,0.025684839114546776,-67.12715339660645,8.389567762613297,0.0003,6496,-18.302447021007538,0.03271477110683918
272,266.28464,0.0,100.0,76,356,27200,0.02568894252181053,-68.08532953262329,6.433849990367889,0.0003,6592,-17.764488756656647,0.03204613830894232
276,268.7128,0.0,100.0,76,362,27600,0.025692680850625038,-69.37720537185669,7.494054555892944,0.0003,6704,-17.640717387199402,0.03124680824112147
280,271.6781,0.0,100.0,76,367,28000,0.025695588439702988,-69.9567084312439,8.589634358882904,0.0003,6800,-19.78076070547104,0.030540173640474677
284,272.45203,0.0,100.0,76,373,28400,0.02569773979485035,-70.47235107421875,6.594521135091782,0.0003,6896,-19.53602170944214,0.029852832085452974
288,274.85272,0.0,100.0,76,378,28800,0.025700915604829788,-71.31615209579468,7.059746563434601,0.0003,6992,-17.793752670288086,0.029146379325538874
292,276.16708,0.0,100.0,76,384,29200,0.02570486254990101,-72.31476497650146,6.380416765809059,0.0003,7104,-15.900105893611908,0.028402025112882257
296,277.69226,0.0,100.0,76,389,29600,0.025710174813866615,-73.5648365020752,6.043261706829071,0.0003,7200,-15.174472987651825,0.02784734999295324
300,278.17792,0.0,100.0,76,394,30000,0.02571079507470131,-73.91762399673462,5.851305469870567,0.0003,7296,-16.322441697120667,0.02727474202401936
304,279.42676,0.0,100.0,75,400,30400,0.02571231499314308,-74.71402168273926,9.101037710905075,0.0003,7392,-15.458039462566376,0.026704371673986316
308,281.54468,0.0,100.0,75,406,30800,0.025714578106999397,-75.35574007034302,7.423871427774429,0.0003,7504,-15.79809033870697,0.026081341435201466
312,283.3341,0.0,100.0,75,411,31200,0.02571668103337288,-75.91438436508179,10.557945668697357,0.0003,7600,-5.744007080793381,0.0255629806779325
316,285.4789,0.0,100.0,75,416,31600,0.025723526254296303,-76.57319021224976,7.621100917458534,0.0003,7696,-14.717394948005676,0.02508572384249419
320,284.72144,0.0,100.0,75,421,32000,0.025723811239004135,-77.39727449417114,16.68986600637436,0.0003,7792,-3.5436469819396734,0.024623289704322815
324,284.36526,0.0,100.0,75,427,32400,0.02572009712457657,-78.59716367721558,10.966618001461029,0.0003,7904,-13.70922800898552,0.024336980772204697
328,280.95035,0.0,100.0,75,432,32800,0.02572113648056984,-79.6100845336914,10.353565961122513,0.0003,8000,-6.927347734570503,0.02401866251602769
332,282.02972,0.0,100.0,75,437,33200,0.02572467550635338,-80.02138614654541,7.621123284101486,0.0003,8096,-8.784929752349854,0.023725664941594005
336,283.09537,0.0,100.0,75,442,33600,0.025723757222294807,-81.12398624420166,6.993921488523483,0.0003,8192,-11.792421638965607,0.02326627040747553
340,282.672,0.0,100.0,75,448,34000,0.025724846869707108,-82.14662456512451,5.957661658525467,0.0003,8304,-12.387126684188843,0.02270840818528086
344,282.15002,0.0,100.0,75,454,34400,0.025726089254021645,-82.5100474357605,6.668551042675972,0.0003,8400,-11.503462374210358,0.022293032961897552
348,282.5245,0.0,100.0,75,459,34800,0.025724727660417557,-83.35092973709106,6.423592790961266,0.0003,8496,-12.090293973684311,0.021823015064001083
352,283.05554,0.0,100.0,75,464,35200,0.025725362822413445,-84.279305934906,6.339289724826813,0.0003,8592,-12.193746984004974,0.0213871649466455
356,282.72937,0.0,100.0,75,470,35600,0.025723742321133614,-84.49696969985962,6.782533764839172,0.0003,8704,-11.037620961666107,0.02092097664717585
360,282.39893,0.0,100.0,75,475,36000,0.025718802586197853,-85.21133518218994,7.167307510972023,0.0003,8800,-10.113250076770782,0.02055519074201584
364,282.40097,0.0,100.0,75,480,36400,0.025716830044984818,-85.89667177200317,6.200762689113617,0.0003,8896,-8.133370600640774,0.020243961247615516
368,282.19696,0.0,100.0,75,485,36800,0.02571757882833481,-86.88616847991943,5.278223812580109,0.0003,8992,-8.884872868657112,0.01993976009543985
372,282.33575,0.0,100.0,75,491,37200,0.025717534124851227,-87.7747654914856,5.668441489338875,0.0003,9104,-9.39635968208313,0.019596434314735234
376,281.54663,0.0,100.0,75,496,37600,0.025715287774801254,-88.09951972961426,5.70747497677803,0.0003,9200,-7.765075668692589,0.019272354780696332
380,281.74338,0.0,100.0,75,502,38000,0.025717658922076225,-89.24421834945679,6.490447908639908,0.0003,9296,-8.026679120957851,0.018998527666553855
384,281.19128,0.0,100.0,75,507,38400,0.025717012584209442,-89.82047891616821,6.373597830533981,0.0003,9392,-7.862499825656414,0.018720493535511196
388,280.79327,0.0,100.0,75,513,38800,0.02571484073996544,-90.83850908279419,6.465787559747696,0.0003,9504,-6.545234180986881,0.018377641448751092
392,279.81757,0.0,100.0,75,518,39200,0.025715654715895653,-91.55248308181763,5.782192438840866,0.0003,9600,-6.362936791032553,0.018106070579960942
396,280.059,0.0,100.0,75,524,39600,0.02570750191807747,-92.43191242218018,6.089149236679077,0.0003,9696,-7.896999413147569,0.01781820983160287
400,281.15683,0.0,100.0,75,529,40000,0.02571030706167221,-92.72588396072388,6.695356070995331,0.0003,9792,-9.921234369277954,0.017561922781169415
404,281.9151,0.0,100.0,75,535,40400,0.025709960609674454,-93.52445459365845,6.62803915143013,0.0003,9904,-9.515131995081902,0.01728615548927337
408,280.51892,0.0,100.0,75,540,40800,0.025705523788928986,-94.74560689926147,7.036461353302002,0.0003,10000,-1.5301882401108742,0.017055470845662057
412,280.3281,0.0,100.0,75,545,41200,0.0257052443921566,-95.22033739089966,6.405846178531647,0.0003,10096,-3.5472155697643757,0.01689860282931477
416,280.61792,0.0,100.0,75,550,41600,0.02570422738790512,-95.69395685195923,5.88550141453743,0.0003,10192,-1.7262297458946705,0.016746433917433023
420,282.5553,0.0,100.0,75,556,42000,0.025701452046632767,-96.86434364318848,6.658812507987022,0.0003,10304,-7.1009554620832205,0.016548249521292746
424,285.05206,0.0,100.0,75,562,42400,0.025704843923449516,-97.37285661697388,5.9226672649383545,0.0003,10400,-0.7918938286602497,0.01643005246296525
428,290.58472,0.0,100.0,75,567,42800,0.025697868317365646,-97.6744475364685,6.517271965742111,0.0003,10496,-3.6318817920982838,0.016321018571034074
432,292.87997,0.0,100.0,75,573,43200,0.0256948284804821,-98.26760768890381,6.663300842046738,0.0003,10592,-2.0034987404942513,0.01620387041475624
436,295.31555,0.0,100.0,75,579,43600,0.025695959106087685,-98.93438291549683,5.471496000885963,0.0003,10704,-0.7081231996417046,0.016117257298901677
440,297.0856,0.0,100.0,75,585,44000,0.02569366618990898,-99.70915603637695,6.254200369119644,0.0003,10800,-2.4542690999805927,0.01600846741348505
444,299.1796,0.0,100.0,75,590,44400,0.02569846250116825,-100.53423070907593,5.91909447312355,0.0003,10896,-2.1945834290236235,0.01592305744998157
448,300.8573,0.0,100.0,75,595,44800,0.025695528835058212,-101.42869520187378,6.143537566065788,0.0003,10992,-2.8076817877590656,0.015792037127539515
452,302.4461,0.0,100.0,75,602,45200,0.025690371170639992,-102.73325681686401,6.181374594569206,0.0003,11104,-0.04140152595937252,0.015594588767271489
456,302.9988,0.0,100.0,75,607,45600,0.02568783424794674,-103.0183777809143,5.78096929192543,0.0003,11200,-3.2858023159205914,0.01542440929915756
460,302.85147,0.0,100.0,75,612,46000,0.02568720653653145,-103.69885969161987,6.984358534216881,0.0003,11296,-2.1654506772756577,0.015396015194710344
464,304.52826,0.0,100.0,75,617,46400,0.025681491941213608,-103.51035356521606,5.8503527790308,0.0003,11392,0.47732337191700935,0.015322344319429249
468,305.76135,0.0,100.0,75,623,46800,0.025690389797091484,-104.8838267326355,6.801016569137573,0.0003,11504,-3.0068329349160194,0.015272082760930061
472,306.43146,0.0,100.0,75,629,47200,0.025686372071504593,-105.24087238311768,7.180213809013367,0.0003,11600,-0.5416638776659966,0.015180111047811806
476,308.66653,0.0,100.0,75,634,47600,0.025687100365757942,-105.30820798873901,7.4217808842659,0.0003,11696,0.4898762544617057,0.01522523583844304
480,307.60922,0.0,100.0,75,639,48000,0.02569102868437767,-106.13293600082397,6.704287528991699,0.0003,11792,0.7268657144159079,0.015230118064209819
484,307.487,0.0,100.0,74,645,48400,0.025694342330098152,-107.36874628067017,10.46594113111496,0.0003,11904,-0.6139335781335831,0.015273848955985159
488,308.19104,0.0,100.0,74,650,48800,0.02569596841931343,-108.77276802062988,7.819083750247955,0.0003,12000,2.269522253423929,0.015338601544499397
492,309.22177,0.0,100.0,74,656,49200,0.025698358193039894,-109.66428470611572,5.896632611751556,0.0003,12096,2.3937720004469156,0.015372615947853774
496,308.75854,0.0,100.0,74,661,49600,0.025701524689793587,-110.0193099975586,7.2027178555727005,0.0003,12192,-2.5619881004095078,0.015430592000484467
500,308.31772,0.0,100.0,74,668,50000,0.02569587342441082,-110.45601177215576,8.712008893489838,0.0003,12304,0.35229990631341934,0.015421652293298393
504,308.6753,0.0,100.0,74,673,50400,0.02570284530520439,-111.05444860458374,6.180283725261688,0.0003,12400,3.0857671424746513,0.015576321864500642
508,310.89233,0.0,100.0,74,679,50800,0.02570674568414688,-111.67632818222046,7.525414407253265,0.0003,12496,1.6177129819989204,0.015694447210989892
512,312.42688,0.0,100.0,74,684,51200,0.025705905631184578,-112.40655851364136,8.335486680269241,0.0003,12592,2.5880764294415712,0.015855113742873073
516,311.09848,0.0,100.0,74,690,51600,0.02569706179201603,-112.88552522659302,12.412004739046097,0.0003,12704,5.883890673518181,0.016088358708657324
520,312.30215,0.0,100.0,74,696,52000,0.02569461427628994,-114.26888656616211,7.336524933576584,0.0003,12800,3.520986247807741,0.01647916401270777
524,313.26062,0.0,100.0,74,702,52400,0.02569524012506008,-115.04705810546875,7.471683591604233,0.0003,12896,3.7043314203619957,0.016983456211164594
528,313.9439,0.0,100.0,74,708,52800,0.02570355124771595,-115.83403873443604,8.34552177786827,0.0003,12992,4.1907776817679405,0.017392387380823493
532,313.0821,0.0,100.0,74,714,53200,0.02570326440036297,-116.18001079559326,7.73931747674942,0.0003,13104,1.6866780100390315,0.017625415232032537
536,310.55106,0.0,100.0,74,719,53600,0.025705786421895027,-116.29017782211304,7.983925759792328,0.0003,13200,1.6410072091966867,0.01766067568678409
540,310.653,0.0,100.0,74,725,54000,0.02570781670510769,-117.28412818908691,6.562484338879585,0.0003,13296,0.9439306640997529,0.01766899460926652
544,310.41605,0.0,100.0,74,730,54400,0.025707270950078964,-116.99488401412964,7.652799218893051,0.0003,13392,-0.2199244499206543,0.01765264046844095
548,308.95377,0.0,100.0,74,736,54800,0.025705430656671524,-117.81917762756348,7.1904599368572235,0.0003,13504,-1.803658552467823,0.017671970184892416
552,308.68732,0.0,100.0,74,741,55200,0.025703387334942818,-118.32483005523682,8.561470001935959,0.0003,13600,2.19421998411417,0.017709317384287715
556,309.43704,0.0,100.0,74,747,55600,0.02569824829697609,-119.13276290893555,8.635631293058395,0.0003,13696,4.0314686968922615,0.017816368490457535
560,310.05667,0.0,100.0,74,752,56000,0.025700217112898827,-119.73949766159058,9.002500414848328,0.0003,13792,3.606488261371851,0.01812734268605709
564,310.0219,0.0,100.0,74,758,56400,0.02570405788719654,-119.28161334991455,6.86166375875473,0.0003,13904,1.990621156990528,0.018469872418791056
568,311.2139,0.0,100.0,74,764,56800,0.025703290477395058,-120.07513284683228,6.703247368335724,0.0003,14000,2.552476767450571,0.01863286562729627
572,313.09082,0.0,100.0,74,770,57200,0.025707228109240532,-120.78478670120239,8.00616717338562,0.0003,14096,0.34726698510348797,0.018812218913808465
576,313.18515,0.0,100.0,74,775,57600,0.025703368708491325,-120.93275547027588,8.140072762966156,0.0003,14192,1.760937119834125,0.018936113454401493
580,315.42657,0.0,100.0,74,781,58000,0.025709619745612144,-121.00311183929443,7.312822788953781,0.0003,14304,2.183248709887266,0.019215059699490666
584,317.48077,0.0,100.0,74,787,58400,0.025718089193105698,-121.53134298324585,6.6656695902347565,0.0003,14400,1.9168165549635887,0.019450065563432872
588,318.89105,0.0,100.0,74,792,58800,0.025718994438648224,-122.2028636932373,8.011456042528152,0.0003,14496,1.4876685477793217,0.01956816588062793
592,320.07303,0.0,100.0,74,798,59200,0.025720303878188133,-122.64927768707275,6.682084172964096,0.0003,14592,-0.8020054511725903,0.019618626916781068
596,322.4973,0.0,100.0,73,805,59600,0.02572355605661869,-123.11593008041382,8.497312277555466,0.0003,14704,-2.409160502254963,0.019675100105814636
600,323.0449,0.0,100.0,74,810,60000,0.025722714141011238,-123.83441638946533,6.862303406000137,0.0003,14800,1.7097585275769234,0.019733005901798606
604,324.4344,0.0,100.0,73,817,60400,0.025727776810526848,-123.84341764450073,8.261473894119263,0.0003,14896,-0.0030526118353009224,0.019814195577055216
608,324.74557,0.0,100.0,73,822,60800,0.025730295106768608,-124.43289232254028,8.408864736557007,0.0003,14992,-1.8742796778678894,0.019897106802091002
612,324.034,0.0,100.0,73,828,61200,0.025732863694429398,-125.27423143386841,8.922893464565277,0.0003,15104,0.8093839064240456,0.019952799775637686
616,325.26602,0.0,100.0,73,833,61600,0.025732027366757393,-125.09854793548584,7.768736705183983,0.0003,15200,1.065957022830844,0.020047828438691795
620,325.17767,0.0,100.0,73,839,62000,0.02573375776410103,-126.07904720306396,7.945689767599106,0.0003,15296,1.3363066520541906,0.020219539641402662
624,325.0285,0.0,100.0,73,846,62400,0.025731710717082024,-126.13461112976074,6.625716894865036,0.0003,15392,0.5816049762070179,0.020351514918729663
628,324.53604,0.0,100.0,73,851,62800,0.02573796734213829,-126.45494747161865,7.383953541517258,0.0003,15504,2.2114134803414345,0.020518449367955327
632,324.17917,0.0,100.0,73,857,63200,0.025737784802913666,-127.09136962890625,7.97078076004982,0.0003,15600,3.3214718028903008,0.020581103512085974
636,327.0479,0.0,100.0,73,863,63600,0.025736546143889427,-127.4419641494751,7.583443850278854,0.0003,15696,1.8320907084271312,0.02071148599497974
640,328.53027,0.0,100.0,73,868,64000,0.025733979418873787,-127.88881397247314,8.121729701757431,0.0003,15792,-1.7615086026489735,0.02083340473473072
644,329.39032,0.0,100.0,73,874,64400,0.02573813684284687,-128.41159200668335,7.85588413476944,0.0003,15904,2.059811942279339,0.020972257014364004
648,330.27164,0.0,100.0,73,880,64800,0.02573668770492077,-128.98341512680054,10.127641707658768,0.0003,16000,2.716167027130723,0.021048527443781495
652,333.13788,0.0,100.0,73,886,65200,0.025738338008522987,-129.51904916763306,8.685161113739014,0.0003,16096,0.754855721257627,0.0212373910471797
656,334.38797,0.0,100.0,73,892,65600,0.025739990174770355,-129.50574588775635,7.835487902164459,0.0003,16192,-0.5522654540836811,0.021301790955476463
660,336.53583,0.0,100.0,73,898,66000,0.02574652060866356,-130.57868480682373,8.385634154081345,0.0003,16304,-1.222281739115715,0.02140914578922093
664,338.35907,0.0,100.0,73,904,66400,0.02574579231441021,-131.11851501464844,8.030224531888962,0.0003,16400,3.3407638538628817,0.021380756283178926
668,338.0725,0.0,100.0,73,909,66800,0.025752102956175804,-131.98927402496338,6.990654557943344,0.0003,16496,0.9671326763927937,0.021540674031712115
672,338.1169,0.0,100.0,73,916,67200,0.025744421407580376,-132.41967010498047,8.122386991977692,0.0003,16592,-0.0681479163467884,0.021524604759179056
676,339.36798,0.0,100.0,73,923,67600,0.025752399116754532,-132.39124202728271,6.965864032506943,0.0003,16704,0.30704398825764656,0.02155698521528393
680,340.03516,0.0,100.0,73,929,68000,0.02575581520795822,-132.42158317565918,8.025898277759552,0.0003,16800,-0.07106689363718033,0.021515413653105497
684,341.29297,0.0,100.0,73,935,68400,0.025760315358638763,-132.98977661132812,8.403620332479477,0.0003,16896,-1.123655267059803,0.021563819725997746
688,341.88116,0.0,100.0,73,941,68800,0.02576019987463951,-133.83941078186035,7.521311491727829,0.0003,16992,2.46377788297832,0.021724823978729546
692,341.40747,0.0,100.0,73,947,69200,0.02576191909611225,-134.50701332092285,6.123677015304565,0.0003,17104,1.3281471710652113,0.021906046313233674
696,341.31073,0.0,100.0,73,952,69600,0.025761427357792854,-134.46324253082275,7.507507354021072,0.0003,17200,1.971945783123374,0.02198674692772329
700,343.1277,0.0,100.0,73,958,70000,0.02576574496924877,-135.1187038421631,7.149938881397247,0.0003,17296,0.2598275262862444,0.02211760589852929
704,342.8418,0.0,100.0,73,963,70400,0.02576756291091442,-135.6188154220581,8.492778301239014,0.0003,17392,1.2848700489848852,0.022183456807397306
708,343.4879,0.0,100.0,72,970,70800,0.025769030675292015,-136.12431812286377,8.689624071121216,0.0003,17504,0.2510858289897442,0.02232120162807405
712,345.01804,0.0,100.0,72,976,71200,0.025770744308829308,-136.63923168182373,7.412997335195541,0.0003,17600,-0.8953290265053511,0.022408419521525502
716,347.16113,0.0,100.0,72,982,71600,0.025769628584384918,-137.04090976715088,6.9041887819767,0.0003,17696,1.842828955501318,0.022538056015037
720,347.72247,0.0,100.0,72,988,72000,0.025776298716664314,-137.60945796966553,7.385867416858673,0.0003,17792,3.427125185728073,0.022746395086869597
724,347.7192,0.0,100.0,72,994,72400,0.025780340656638145,-138.21559810638428,6.51112025976181,0.0003,17904,0.615068357437849,0.02287994313519448
728,349.31195,0.0,100.0,72,1000,72800,0.025789793580770493,-138.5834836959839,6.462582603096962,0.0003,18000,1.0541894361376762,0.023064285283908248
732,352.0916,0.0,100.0,72,1007,73200,0.025791393592953682,-138.71147060394287,7.2361322939395905,0.0003,18096,2.3985998891294003,0.023203285760246217
736,352.81763,0.0,100.0,72,1013,73600,0.02579256147146225,-139.9204559326172,7.157489717006683,0.0003,18192,-1.0956624187529087,0.023430221830494702
740,353.40588,0.0,100.0,72,1020,74000,0.025794994086027145,-140.591064453125,7.398946225643158,0.0003,18304,0.5654372442513704,0.02361942722927779
744,352.8489,0.0,100.0,72,1026,74400,0.02579263411462307,-140.8031406402588,6.8245861530303955,0.0003,18400,1.3436900526285172,0.023813534062355757
748,354.43036,0.0,100.0,72,1032,74800,0.02579520456492901,-141.20316886901855,6.417133659124374,0.0003,18496,0.4560895375907421,0.023995998315513134
752,353.19653,0.0,100.0,72,1038,75200,0.02579428069293499,-141.4410171508789,6.896956086158752,0.0003,18592,-0.8139365836977959,0.024001009995117784
756,353.18607,0.0,100.0,72,1044,75600,0.02580101601779461,-142.07693099975586,6.662853538990021,0.0003,18704,-0.5715912878513336,0.024058244074694812
760,354.00443,0.0,100.0,72,1049,76000,0.025800492614507675,-142.50718021392822,6.760626524686813,0.0003,18800,-0.36151131987571716,0.023930404917337
764,353.2951,0.0,100.0,72,1055,76400,0.02580513432621956,-143.06374740600586,6.242391884326935,0.0003,18896,-0.20040584355592728,0.024018391501158476
768,353.696,0.0,100.0,72,1061,76800,0.02581058070063591,-143.13169193267822,6.121181905269623,0.0003,18992,-0.19499470107257366,0.024006788386031985
772,353.94684,0.0,100.0,72,1067,77200,0.025811361148953438,-143.3571949005127,6.961233139038086,0.0003,19104,1.0914048552513123,0.024012372479774058
776,354.04758,0.0,100.0,72,1073,77600,0.025810711085796356,-144.6347780227661,7.018760144710541,0.0003,19200,0.06274458765983582,0.024115512613207102
780,354.38284,0.0,100.0,72,1079,78000,0.025812244042754173,-144.89506435394287,6.8569305539131165,0.0003,19296,1.5353159923106432,0.02426095528062433
784,354.7914,0.0,100.0,72,1085,78400,0.0258141178637743,-145.43651866912842,6.399057477712631,0.0003,19392,0.3936506509780884,0.024307741317898035
788,355.15805,0.0,100.0,72,1091,78800,0.025816339999437332,-145.47746658325195,7.37155482172966,0.0003,19504,2.626398643478751,0.024500131141394377
792,355.62515,0.0,100.0,72,1096,79200,0.025821128860116005,-145.80162048339844,6.533310532569885,0.0003,19600,0.723257465288043,0.0247145127505064
796,356.64453,0.0,100.0,72,1104,79600,0.025822902098298073,-146.27878952026367,7.016939163208008,0.0003,19696,0.4403736088424921,0.024727964540943503
800,356.958,0.0,100.0,72,1109,80000,0.02582867071032524,-146.6286268234253,7.6275812685489655,0.0003,19792,1.4305481389164925,0.024900148855522275
804,357.60022,0.0,100.0,72,1115,80400,0.025829030200839043,-147.54761791229248,6.7162653505802155,0.0003,19904,-0.4299998115748167,0.02512155589647591
808,356.62567,0.0,100.0,72,1121,80800,0.02583480067551136,-147.9278163909912,7.216025084257126,0.0003,20000,1.3872754592448473,0.025309650460258126
812,356.71228,0.0,100.0,72,1127,81200,0.025838984176516533,-148.0751495361328,5.936740338802338,0.0003,20096,1.9409516863524914,0.02559287310577929
816,356.4849,0.0,100.0,71,1133,81600,0.025843748822808266,-148.4960355758667,6.265156775712967,0.0003,20192,0.4136742604896426,0.02574870060198009
820,357.24863,0.0,100.0,71,1140,82000,0.02585451491177082,-148.82303142547607,6.932294130325317,0.0003,20304,-1.4050221471115947,0.025798788061365485
824,357.46402,0.0,100.0,71,1146,82400,0.02585292048752308,-149.29158687591553,6.47301983833313,0.0003,20400,-2.627995990216732,0.025704324943944812
828,357.5465,0.0,100.0,71,1152,82800,0.025852104648947716,-149.4771213531494,6.121714323759079,0.0003,20496,-0.274050110951066,0.025540450937114656
832,357.13495,0.0,100.0,71,1157,83200,0.025855926796793938,-150.2790641784668,6.471690118312836,0.0003,20592,2.2875105645507574,0.02565041882917285
836,356.68262,0.0,100.0,71,1165,83600,0.02585728093981743,-150.04057502746582,6.5646832883358,0.0003,20704,-1.5199597235769033,0.02586126863025129
840,355.65652,0.0,100.0,71,1171,84000,0.0258626826107502,-150.93220710754395,5.874392002820969,0.0003,20800,-0.6305250227451324,0.025803640019148588
844,357.16824,0.0,100.0,71,1178,84400,0.025865372270345688,-150.91733741760254,5.933316707611084,0.0003,20896,0.25818604975938797,0.02566293382551521
848,356.24396,0.0,100.0,71,1183,84800,0.025866569951176643,-150.64497470855713,6.131057411432266,0.0003,20992,-1.3302602749317884,0.025663148029707372
852,357.0784,0.0,100.0,71,1189,85200,0.025872621685266495,-151.92231464385986,6.491629779338837,0.0003,21104,1.7780710980296135,0.025677177123725414
856,358.71982,0.0,100.0,71,1195,85600,0.025871938094496727,-151.99325561523438,6.6264742612838745,0.0003,21200,0.2848620507866144,0.02570607722736895
860,358.85782,0.0,100.0,71,1201,86000,0.025872206315398216,-152.09859085083008,6.064098298549652,0.0003,21296,-1.867991516366601,0.025802339892834425
864,358.91306,0.0,100.0,71,1207,86400,0.025877872481942177,-152.72785472869873,7.80759796500206,0.0003,21392,-0.08106342703104019,0.02583413978572935
868,358.58536,0.0,100.0,71,1212,86800,0.025880316272377968,-152.38202667236328,5.564137727022171,0.0003,21504,-0.12210915051400661,0.02572645095642656
872,358.46274,0.0,100.0,71,1218,87200,0.02588069997727871,-153.28040027618408,5.672150611877441,0.0003,21600,0.7831374555826187,0.025559493922628462
876,357.84824,0.0,100.0,71,1224,87600,0.025883130729198456,-153.04554080963135,6.938012361526489,0.0003,21696,-0.0028987806290388107,0.02561013982631266
880,357.19727,0.0,100.0,71,1229,88000,0.02588678151369095,-153.8304271697998,5.8689590990543365,0.0003,21792,-2.100220538675785,0.025545586715452373
884,356.6122,0.0,100.0,71,1235,88400,0.025887859985232353,-154.13477039337158,5.533309698104858,0.0003,21904,0.8294582664966583,0.02539009158499539
888,357.10718,0.0,100.0,71,1241,88800,0.025893384590744972,-154.171368598938,5.725225538015366,0.0003,22000,-0.5931126996874809,0.02548792981542647
892,358.06598,0.0,100.0,71,1248,89200,0.02589907869696617,-154.86431694030762,6.5514235496521,0.0003,22096,0.9332607984542847,0.025526061770506203
896,357.58514,0.0,100.0,71,1254,89600,0.025904234498739243,-154.9168519973755,6.116343706846237,0.0003,22192,0.5178007911890745,0.025555917993187904
900,358.02164,0.0,100.0,71,1261,90000,0.025912823155522346,-155.25809383392334,6.186307221651077,0.0003,22304,0.443434776738286,0.025420289137400687
904,358.20178,0.0,100.0,71,1267,90400,0.02591443806886673,-155.55843448638916,6.878584206104279,0.0003,22400,-0.49427724815905094,0.02536764636170119
908,357.28394,0.0,100.0,71,1272,90800,0.025918839499354362,-155.93268489837646,5.434639751911163,0.0003,22496,-1.9869646923616529,0.02527193375863135
912,357.34607,0.0,100.0,71,1278,91200,0.025924555957317352,-155.96499824523926,5.5395859479904175,0.0003,22592,-1.5555150397121906,0.025185512378811836
916,356.778,0.0,100.0,71,1284,91600,0.025930754840373993,-156.15718173980713,5.715970009565353,0.0003,22704,1.2165713291615248,0.02515520330052823
920,356.9755,0.0,100.0,71,1290,92000,0.025931639596819878,-156.74254322052002,5.645261883735657,0.0003,22800,-1.6649262458086014,0.025116170290857553
924,357.25644,0.0,100.0,71,1296,92400,0.02593180164694786,-157.32291412353516,5.479149118065834,0.0003,22896,-3.1451405100524426,0.02503590378910303
928,357.43225,0.0,100.0,71,1301,92800,0.02593681775033474,-157.16534328460693,6.0427548587322235,0.0003,22992,0.5526929944753647,0.024829796515405178
932,356.39673,0.0,100.0,71,1307,93200,0.025939736515283585,-157.6333532333374,5.1328844130039215,0.0003,23104,0.7982964245602489,0.024736186023801565
936,354.6939,0.0,100.0,71,1314,93600,0.02593984454870224,-157.3826265335083,5.061486795544624,0.0003,23200,-1.8093614224344492,0.02472912287339568
940,355.00116,0.0,100.0,71,1319,94000,0.02594815567135811,-157.9990701675415,5.715472936630249,0.0003,23296,0.9301634766161442,0.024572625057771802
944,354.89093,0.0,100.0,71,1325,94400,0.02595183067023754,-157.97614002227783,5.257824629545212,0.0003,23392,0.11176848597824574,0.02440377394668758
948,355.7185,0.0,100.0,71,1331,94800,0.025956908240914345,-158.16652488708496,6.053041368722916,0.0003,23504,-0.9458476584404707,0.02426827815361321
952,354.35144,0.0,100.0,71,1336,95200,0.025956155732274055,-158.323748588562,5.744515150785446,0.0003,23600,-1.4312377702444792,0.024139364366419613
956,353.34796,0.0,100.0,71,1342,95600,0.02596060372889042,-158.7509250640869,6.174707472324371,0.0003,23696,0.024857942014932632,0.0243426701053977
960,354.04532,0.0,100.0,71,1348,96000,0.02595951221883297,-158.82868766784668,6.10340291261673,0.0003,23792,-1.0285140499472618,0.02430108340922743
964,353.7865,0.0,100.0,71,1354,96400,0.02596178464591503,-159.6507453918457,5.150476232171059,0.0003,23904,-0.6234178654849529,0.02428892150055617
968,354.6117,0.0,100.0,71,1360,96800,0.02595905400812626,-159.827410697937,5.91863776743412,0.0003,24000,0.07544722780585289,0.024223387939855456
972,354.25122,0.0,100.0,71,1365,97200,0.025960544124245644,-159.30794048309326,5.7416196167469025,0.0003,24096,1.4818759858608246,0.024220720399171114
976,354.87024,0.0,100.0,71,1371,97600,0.02596450038254261,-160.132248878479,6.353432267904282,0.0003,24192,-0.9949022587388754,0.024190004914999008
980,355.921,0.0,100.0,71,1378,98000,0.02596581168472767,-160.33304405212402,5.087028190493584,0.0003,24304,-0.5582593269646168,0.024082408752292395
984,354.98392,0.0,100.0,71,1384,98400,0.0259744580835104,-160.18360996246338,5.6975138783454895,0.0003,24400,0.7917828261852264,0.023911109194159508
988,354.54837,0.0,100.0,71,1390,98800,0.02597610466182232,-160.64017963409424,6.06813257932663,0.0003,24496,0.9897760674357414,0.023881273809820414
992,354.6392,0.0,100.0,71,1396,99200,0.02598111890256405,-161.31223011016846,5.798950016498566,0.0003,24592,-1.2583909071981907,0.023947073030285537
996,354.9728,0.0,100.0,70,1402,99600,0.025976963341236115,-161.15862846374512,6.0068778693675995,0.0003,24704,0.5928640104830265,0.02378204360138625
1000,354.6791,0.0,100.0,70,1408,100000,0.025978442281484604,-161.66907119750977,5.087952360510826,0.0003,24800,-1.3178239353001118,0.02372853923588991
1004,354.94437,0.0,100.0,70,1414,100400,0.025979286059737206,-161.82254886627197,5.784873276948929,0.0003,24896,0.46879841573536396,0.023773955530487
1008,356.90692,0.0,100.0,70,1420,100800,0.025982733815908432,-161.46894550323486,5.2863772213459015,0.0003,24992,-0.09773210436105728,0.02383198228199035
1012,356.92856,0.0,100.0,70,1426,101200,0.02598782628774643,-161.89112758636475,5.152959227561951,0.0003,25104,0.27368099987506866,0.023812724626623094
1016,358.47763,0.0,100.0,70,1432,101600,0.02599336765706539,-162.25839233398438,6.33608341217041,0.0003,25200,-0.31160780787467957,0.023961717495694757
1020,357.83804,0.0,100.0,70,1438,102000,0.02598969079554081,-162.6027011871338,5.056943967938423,0.0003,25296,1.8623580746352673,0.02393157547339797
1024,359.9675,0.0,100.0,70,1444,102400,0.025993237271904945,-162.87523460388184,7.211640417575836,0.0003,25392,0.6719803549349308,0.023905303445644677
1028,359.63278,0.0,100.0,70,1451,102800,0.026000287383794785,-163.20459175109863,5.328638017177582,0.0003,25504,0.3817049711942673,0.02390820172149688
1032,360.77902,0.0,100.0,70,1457,103200,0.026001663878560066,-163.66162014007568,5.279456481337547,0.0003,25600,1.3142478354275227,0.02393408282659948
1036,362.796,0.0,100.0,70,1462,103600,0.02600817196071148,-163.78563785552979,5.799041718244553,0.0003,25696,-2.4267053864896297,0.024112967192195356
1040,363.77887,0.01,100.0,70,1468,104000,0.026009922847151756,-164.0347194671631,5.803210586309433,0.0003,25792,-0.3641332555562258,0.024219672894105315
1044,363.98676,0.01,100.0,70,1475,104400,0.026015223935246468,-163.75502967834473,5.194068193435669,0.0003,25904,-0.8711991086602211,0.024144859169609845
1048,363.4844,0.01,100.0,70,1481,104800,0.026024742051959038,-164.25042915344238,5.574174761772156,0.0003,26000,-0.11584734916687012,0.024193512508645654
1052,365.99344,0.01,100.0,70,1488,105200,0.026030536741018295,-164.85929489135742,5.733261048793793,0.0003,26096,0.17057617381215096,0.02425198582932353
1056,366.83542,0.01,100.0,70,1495,105600,0.02602684125304222,-164.8530445098877,5.13693568110466,0.0003,26192,0.8730315566062927,0.024209780734963715
1060,365.81625,0.01,100.0,70,1501,106000,0.02602459117770195,-165.64949131011963,4.735410124063492,0.0003,26304,0.2517911456525326,0.024257845827378333
1064,366.88095,0.01,100.0,70,1507,106400,0.026031214743852615,-165.8170566558838,5.269495323300362,0.0003,26400,0.09132560901343822,0.024292419897392392
1068,366.14395,0.01,100.0,70,1512,106800,0.02602938748896122,-165.64445686340332,4.866229981184006,0.0003,26496,1.4229849837720394,0.024207468261010945
1072,366.36996,0.01,100.0,70,1518,107200,0.026034297421574593,-165.4126377105713,5.378548130393028,0.0003,26592,-1.9664601534605026,0.024227348039858043
1076,366.04852,0.01,100.0,70,1524,107600,0.026044314727187157,-166.16108417510986,4.4287755489349365,0.0003,26704,-0.4279531049542129,0.02420649433042854
1080,365.66116,0.01,100.0,70,1530,108000,0.02604931965470314,-165.99460315704346,4.807079926133156,0.0003,26800,1.621614657342434,0.024220641003921628
1084,367.19168,0.01,100.0,70,1536,108400,0.026051165536046028,-166.91797924041748,4.620395258069038,0.0003,26896,-0.9861198365688324,0.02414257824420929
1088,366.86063,0.01,100.0,70,1541,108800,0.02604907564818859,-166.99685192108154,5.086063325405121,0.0003,26992,0.848307091742754,0.024008117150515318
1092,366.50488,0.01,100.0,70,1547,109200,0.026058858260512352,-166.782883644104,4.808336079120636,0.0003,27104,0.23828342463821173,0.024082287796773016
1096,365.4863,0.01,100.0,70,1553,109600,0.026060771197080612,-167.29130840301514,5.3474224507808685,0.0003,27200,0.16669171955436468,0.024060238152742386
1100,363.3044,0.01,100.0,70,1558,110000,0.02605910412967205,-167.6030330657959,4.653383314609528,0.0003,27296,0.9468978177756071,0.02402886387426406
1104,362.60254,0.01,100.0,70,1563,110400,0.026069505140185356,-167.57467555999756,4.829852730035782,0.0003,27392,1.0828742422163486,0.024082877207547426
1108,363.0876,0.01,100.0,70,1570,110800,0.026069600135087967,-168.12084102630615,4.825128987431526,0.0003,27504,0.5373853910714388,0.02408515301067382
1112,362.58258,0.01,100.0,70,1576,111200,0.02607693523168564,-168.24634552001953,4.9684633910655975,0.0003,27600,0.7893232982605696,0.02410486526787281
1116,362.2154,0.01,100.0,70,1583,111600,0.02607702650129795,-168.2217311859131,4.521885797381401,0.0003,27696,0.13181781396269798,0.023944126325659454
1120,363.1649,0.01,100.0,70,1588,112000,0.0260769110172987,-168.80428409576416,4.485133036971092,0.0003,27792,1.0629408359527588,0.023943193606100976
1124,361.81427,0.01,100.0,70,1595,112400,0.02608279325067997,-169.06401348114014,5.244162857532501,0.0003,27904,-3.078046014532447,0.02378472895361483
1128,361.89417,0.01,100.0,70,1601,112800,0.026082392781972885,-168.84549808502197,4.76347117125988,0.0003,28000,1.999965313822031,0.023636650061234832
1132,361.6051,0.01,100.0,70,1607,113200,0.02608180232346058,-169.49099731445312,4.7384151220321655,0.0003,28096,-0.4587807357311249,0.02349116955883801
1136,361.80774,0.01,100.0,70,1613,113600,0.026090111583471298,-169.25149631500244,5.351244583725929,0.0003,28192,-1.0066890735179186,0.023525273893028498
1140,361.02844,0.0,100.0,70,1619,114000,0.026096640154719353,-170.13993453979492,4.7153250426054,0.0003,28304,1.336295336484909,0.02354224445298314
1144,359.4403,0.0,100.0,70,1625,114400,0.026098232716321945,-169.99646091461182,4.400750666856766,0.0003,28400,-0.6639434304088354,0.023488030768930912
1148,359.67508,0.0,100.0,70,1631,114800,0.026096660643815994,-170.14551830291748,3.983654484152794,0.0003,28496,-0.5639434112235904,0.02356299478560686
1152,358.67117,0.0,100.0,70,1637,115200,0.026100723072886467,-170.30588912963867,4.271653100848198,0.0003,28592,2.0929294005036354,0.023543925140984356
1156,359.04028,0.0,100.0,70,1643,115600,0.026110267266631126,-171.0224323272705,4.527209058403969,0.0003,28704,-0.4835822954773903,0.02368806884624064
1160,359.90466,0.0,100.0,70,1650,116000,0.026109449565410614,-170.53008842468262,4.568853750824928,0.0003,28800,-2.8535885959863663,0.023527982062660158
1164,359.19666,0.0,100.0,70,1655,116400,0.026112165302038193,-170.96424102783203,4.734210878610611,0.0003,28896,-1.870195183902979,0.023387464694678783
1168,360.3083,0.0,100.0,70,1661,116800,0.026116423308849335,-171.15278911590576,3.9335159212350845,0.0003,28992,-0.9247918985784054,0.02318586246110499
1172,361.20035,0.0,100.0,70,1667,117200,0.02611842378973961,-171.03052520751953,4.730734497308731,0.0003,29104,-0.3326440714299679,0.023059484781697392
1176,362.30933,0.0,100.0,70,1673,117600,0.026119766756892204,-171.47461700439453,4.870540201663971,0.0003,29200,0.5265952423214912,0.022926928126253188
1180,362.20468,0.0,100.0,70,1679,118000,0.026121729984879494,-171.41871547698975,4.282551065087318,0.0003,29296,0.12949392572045326,0.022875050781294703
1184,361.8701,0.0,100.0,70,1685,118400,0.026122694835066795,-171.81180381774902,4.693479359149933,0.0003,29392,-1.222908429801464,0.022741559194400907
1188,362.00986,0.0,100.0,70,1692,118800,0.026120979338884354,-171.8483362197876,5.232320681214333,0.0003,29504,-3.047689032740891,0.022637763526290655
1192,361.0617,0.0,100.0,70,1698,119200,0.026124587282538414,-172.18645763397217,4.756451264023781,0.0003,29600,-2.122608859091997,0.022459010710008442
1196,361.35214,0.0,100.0,70,1703,119600,0.02613184042274952,-172.21670055389404,3.8079038560390472,0.0003,29696,-0.8708167262375355,0.022347280755639076
1200,362.8288,0.0,100.0,70,1709,120000,0.026127982884645462,-172.0178575515747,5.067793384194374,0.0003,29792,-1.0544988820329309,0.022057622438296676
1204,362.88977,0.0,100.0,70,1715,120400,0.02612410858273506,-172.8092441558838,3.4942585825920105,0.0003,29904,-0.22944647818803787,0.021818557754158974
1208,361.4485,0.0,100.0,70,1721,120800,0.026123935356736183,-172.61350536346436,4.529100731015205,0.0003,30000,-0.32355090975761414,0.02175088378135115
1212,361.70615,0.0,100.0,70,1726,121200,0.026122720912098885,-172.606689453125,4.3048146069049835,0.0003,30096,0.7914939969778061,0.021688600536435843
1216,361.0897,0.0,100.0,70,1732,121600,0.026125909760594368,-172.86521816253662,3.78645820915699,0.0003,30192,2.2756150141358376,0.021851870929822326
1220,360.15738,0.0,100.0,70,1739,122000,0.026131683960556984,-172.8391923904419,3.976345792412758,0.0003,30304,0.3879518322646618,0.02189101278781891
1224,360.19513,0.0,100.0,70,1744,122400,0.02612643875181675,-173.38754272460938,4.256506964564323,0.0003,30400,-1.7749409452080727,0.021843304741196334
1228,359.8192,0.0,100.0,70,1750,122800,0.026131924241781235,-173.49234199523926,4.959127992391586,0.0003,30496,-0.12130522355437279,0.02179155603516847
1232,359.20114,0.0,100.0,70,1756,123200,0.026129726320505142,-173.4365997314453,3.913487285375595,0.0003,30592,-0.18290095031261444,0.021751999738626182
1236,358.78833,0.0,100.0,70,1762,123600,0.026127701625227928,-173.60436344146729,3.598873794078827,0.0003,30704,1.0893400274217129,0.021721274475567043
1240,358.59375,0.0,100.0,70,1768,124000,0.02613416500389576,-173.69137859344482,3.781493842601776,0.0003,30800,-2.202236343175173,0.021883563487790525
1244,360.52808,0.0,100.0,70,1774,124400,0.026137566193938255,-173.96248626708984,5.041375786066055,0.0003,30896,0.2700164560228586,0.021669028094038367
1248,359.74423,0.0,100.0,70,1779,124800,0.026140565052628517,-173.8536252975464,3.7314677983522415,0.0003,30992,-1.5077579375356436,0.021555579616688192
1252,359.11673,0.0,100.0,70,1786,125200,0.02614361234009266,-173.72432136535645,3.905461400747299,0.0003,31104,-0.1544940723106265,0.021438670228235424
1256,357.97784,0.0,100.0,70,1792,125600,0.026147030293941498,-174.47621059417725,3.8513278514146805,0.0003,31200,-1.410143494606018,0.02136852336116135
1260,357.33218,0.0,100.0,70,1798,126000,0.02614312618970871,-174.767915725708,3.4664872735738754,0.0003,31296,1.6173229645937681,0.021262632682919502
1264,357.6398,0.0,100.0,70,1804,126400,0.026138002052903175,-174.52181148529053,3.3311406522989273,0.0003,31392,-0.8955111680552363,0.02112624398432672
1268,357.47653,0.0,100.0,70,1810,126800,0.026134900748729706,-174.80200386047363,3.052183762192726,0.0003,31504,0.9813197329640388,0.02103745483327657
1272,357.82086,0.0,100.0,70,1817,127200,0.026142384856939316,-174.6694564819336,4.7935929000377655,0.0003,31600,1.3649925906211138,0.021027001668699086
1276,357.02676,0.0,100.0,69,1823,127600,0.026140596717596054,-174.98167514801025,3.7578267008066177,0.0003,31696,-1.3347239457070827,0.020989025360904634
1280,356.46103,0.0,100.0,69,1829,128000,0.026143809780478477,-174.67262268066406,3.8500654101371765,0.0003,31792,-1.7511359993368387,0.021185369812883437
1284,356.46036,0.0,100.0,69,1836,128400,0.026149200275540352,-175.22042179107666,3.4392689615488052,0.0003,31904,-1.8113086000084877,0.02116641984321177
1288,356.66522,0.0,100.0,69,1842,128800,0.026153096929192543,-175.29669857025146,5.0202740132808685,0.0003,32000,-2.186755793169141,0.021145776263438165
1292,357.79755,0.0,100.0,69,1849,129200,0.02615552395582199,-174.93815517425537,4.10947048664093,0.0003,32096,-0.8585236379876733,0.021214956999756396
1296,357.5277,0.0,100.0,69,1854,129600,0.026157530024647713,-175.93514728546143,10.630672365427017,0.0003,32192,1.1350303255021572,0.021330146701075137
1300,358.058,0.0,100.0,69,1861,130000,0.02616226300597191,-176.1155881881714,4.7497266829013824,0.0003,32304,2.2677095625549555,0.021937709767371416
1304,357.5091,0.0,100.0,69,1866,130400,0.026173004880547523,-176.50617694854736,4.542293384671211,0.0003,32400,2.137774096801877,0.02227565413340926
1308,358.3875,0.0,100.0,69,1872,130800,0.026176301762461662,-176.9371852874756,4.059844255447388,0.0003,32496,1.110682301223278,0.022347829421050847
1312,358.30453,0.0,100.0,69,1878,131200,0.026173759251832962,-176.83088970184326,4.196435749530792,0.0003,32592,3.8394928574562073,0.022488599992357194
1316,358.74863,0.0,100.0,69,1885,131600,0.026181673631072044,-176.68793392181396,3.75767382979393,0.0003,32704,0.31816859357059,0.022523502935655415
1320,358.74036,0.0,100.0,69,1891,132000,0.02618461102247238,-177.08168506622314,3.310745030641556,0.0003,32800,2.0045976461842656,0.022526837419718504
1324,358.41086,0.0,100.0,69,1897,132400,0.026186799630522728,-177.0824499130249,3.76548869907856,0.0003,32896,-1.8199325259774923,0.022455750266090035
1328,358.90277,0.0,100.0,69,1903,132800,0.02618439309298992,-177.19563484191895,3.1607166528701782,0.0003,32992,-2.233231673017144,0.022229107562452555
1332,359.2721,0.0,100.0,69,1909,133200,0.026186687871813774,-177.14276027679443,3.1381597369909286,0.0003,33104,-1.525806742720306,0.021979273529723287
1336,359.4918,0.0,100.0,69,1915,133600,0.02618545852601528,-177.62454891204834,3.1861312985420227,0.0003,33200,-4.251612938474864,0.021654405631124973
1340,359.66226,0.0,100.0,69,1921,134000,0.026182210072875023,-177.14854526519775,4.036564081907272,0.0003,33296,-0.5283957049250603,0.021479748305864632
1344,358.48477,0.0,100.0,69,1927,134400,0.02618272975087166,-177.08008766174316,3.409008577466011,0.0003,33392,-0.4420518260449171,0.02141675283201039
1348,360.26102,0.0,100.0,69,1934,134800,0.026180727407336235,-177.16049480438232,3.249237298965454,0.0003,33504,0.13519414886832237,0.02134883392136544
1352,360.84207,0.0,100.0,69,1940,135200,0.026176083832979202,-177.47863578796387,3.39655140042305,0.0003,33600,1.1032544076442719,0.02120136597659439
1356,361.83594,0.0,100.0,69,1945,135600,0.026175161823630333,-177.54094982147217,3.014345705509186,0.0003,33696,1.0782246515154839,0.021311361342668533
1360,361.84207,0.0,100.0,69,1951,136000,0.026176419109106064,-177.78938579559326,3.1546839773654938,0.0003,33792,3.14340166375041,0.02140984102152288
1364,361.88565,0.0,100.0,69,1957,136400,0.02617652527987957,-177.71671199798584,3.403665840625763,0.0003,33904,1.2212010733783245,0.02148073259741068
1368,361.58612,0.0,100.0,69,1962,136800,0.0261827539652586,-178.39281272888184,3.174307346343994,0.0003,34000,0.6181232426315546,0.02168642240576446
1372,361.40552,0.0,100.0,69,1969,137200,0.026184257119894028,-178.10936164855957,3.152265265583992,0.0003,34096,1.9829897712916136,0.021655131597071886
1376,361.22836,0.0,100.0,69,1975,137600,0.026183413341641426,-178.09688568115234,4.078008815646172,0.0003,34192,-0.13156285881996155,0.021739165065810084
1380,362.0046,0.0,100.0,69,1981,138000,0.02618924155831337,-177.83633613586426,2.624726966023445,0.0003,34304,1.2338542193174362,0.021877537248656154
1384,361.98145,0.0,100.0,69,1987,138400,0.026192549616098404,-178.17382717132568,3.1705287247896194,0.0003,34400,-0.0393513860180974,0.02196359820663929
1388,362.06183,0.0,100.0,69,1994,138800,0.026193790137767792,-178.25350666046143,3.1176795214414597,0.0003,34496,-0.9348178431391716,0.021992454072460532
1392,361.44424,0.0,100.0,69,2000,139200,0.026200009509921074,-178.47488594055176,3.885027453303337,0.0003,34592,-0.3722584303468466,0.021955631556920707
1396,363.0661,0.0,100.0,69,2008,139600,0.026206646114587784,-178.25909328460693,3.0524840354919434,0.0003,34704,-0.11497985199093819,0.02206689678132534
1400,363.29886,0.0,100.0,69,2013,140000,0.02620593272149563,-178.42197513580322,3.227160766720772,0.0003,34800,2.0737331695854664,0.022037606337107718
1404,364.40356,0.0,100.0,69,2020,140400,0.02620689943432808,-178.61615085601807,2.9551232755184174,0.0003,34896,-0.07245568558573723,0.02188658365048468
1408,365.24557,0.0,100.0,69,2026,140800,0.026206208392977715,-178.5191354751587,3.225868135690689,0.0003,34992,-2.4382975473999977,0.02174241340253502
1412,362.5632,0.0,100.0,69,2032,141200,0.02620714157819748,-178.6011438369751,2.813270643353462,0.0003,35104,0.4825409157201648,0.021484082215465605
1416,362.50836,0.0,100.0,69,2038,141600,0.026215646415948868,-178.65282726287842,2.7547108232975006,0.0003,35200,-1.993812020868063,0.021608593175187707
1420,363.24915,0.0,100.0,69,2044,142000,0.02621685341000557,-178.7922248840332,3.4206761717796326,0.0003,35296,-0.07141088321805,0.02163197344634682
1424,363.1915,0.0,100.0,69,2049,142400,0.026214655488729477,-178.78295612335205,2.760281853377819,0.0003,35392,0.27030921913683414,0.02159263554494828
1428,363.26517,0.0,100.0,69,2055,142800,0.026220593601465225,-178.86023807525635,2.8987973034381866,0.0003,35504,0.4796778466552496,0.02159607782959938
1432,363.7726,0.0,100.0,69,2061,143200,0.026225442066788673,-178.73700428009033,3.0610574185848236,0.0003,35600,-3.057926043868065,0.02154903206974268
1436,363.15927,0.0,100.0,69,2066,143600,0.026224415749311447,-178.92164421081543,2.9652798771858215,0.0003,35696,-0.8269400633871555,0.02149956370703876
1440,363.1424,0.0,100.0,69,2072,144000,0.02622448280453682,-179.02796840667725,3.2657083719968796,0.0003,35792,-1.2851970978081226,0.021643774467520416
1444,363.84833,0.0,100.0,69,2078,144400,0.026234645396471024,-178.76405811309814,2.6061892360448837,0.0003,35904,2.5117187099531293,0.02165890857577324
1448,362.8064,0.0,100.0,69,2084,144800,0.02623661607503891,-179.1061658859253,2.5115316659212112,0.0003,36000,-2.0105189215391874,0.02159774594474584
1452,362.5036,0.0,100.0,69,2090,145200,0.02623930014669895,-178.9042272567749,2.4250524789094925,0.0003,36096,-2.2693586237728596,0.02156740613281727
1456,362.5873,0.0,100.0,69,2096,145600,0.026238830760121346,-178.75486373901367,2.4371887296438217,0.0003,36192,-2.87288923189044,0.02145431376993656
1460,363.15414,0.0,100.0,69,2103,146000,0.026238178834319115,-178.8598508834839,3.11359204351902,0.0003,36304,-1.1861618403345346,0.021301045664586127
1464,363.52277,0.0,100.0,69,2109,146400,0.026238087564706802,-178.96170902252197,2.2886711061000824,0.0003,36400,-0.9945691153407097,0.021157522685825825
1468,362.92438,0.0,100.0,69,2114,146800,0.026245752349495888,-179.14657592773438,2.4491192251443863,0.0003,36496,1.8333856873214245,0.02110785013064742
1472,362.35425,0.0,100.0,69,2121,147200,0.026249511167407036,-178.96448230743408,2.7957582473754883,0.0003,36592,-1.646120173856616,0.02104344021063298
1476,362.15,0.0,100.0,69,2127,147600,0.02624894492328167,-178.82897663116455,2.5281363651156425,0.0003,36704,2.4318219516426325,0.021023909212090075
1480,360.6417,0.0,100.0,69,2133,148000,0.02625415287911892,-179.28031063079834,2.3113973140716553,0.0003,36800,-0.2602756433188915,0.020942615694366395
1484,361.37732,0.0,100.0,69,2139,148400,0.02625974640250206,-179.18455982208252,2.593416392803192,0.0003,36896,2.421410832554102,0.021060751634649932
1488,362.10004,0.0,100.0,69,2145,148800,0.02626003697514534,-179.08991527557373,2.7053607404232025,0.0003,36992,0.67514424957335,0.021048440830782056
1492,362.07333,0.0,100.0,69,2151,149200,0.026258278638124466,-179.19629192352295,2.3348982110619545,0.0003,37104,-2.368879273533821,0.021055473829619586
1496,360.0546,0.0,100.0,69,2157,149600,0.026263561099767685,-179.21068000793457,2.425139620900154,0.0003,37200,0.8512453250586987,0.020979251014068723
1500,360.13547,0.0,100.0,69,2163,150000,0.026263009756803513,-179.39778995513916,2.6258074194192886,0.0003,37296,-3.232033349573612,0.020831264089792967
1504,359.9413,0.0,100.0,69,2169,150400,0.026263726875185966,-179.43617153167725,2.551915541291237,0.0003,37392,-1.0723754158243537,0.02053871937096119
1508,358.69247,0.0,100.0,69,2175,150800,0.026264281943440437,-179.4843635559082,2.2996537163853645,0.0003,37504,-0.7183452472090721,0.02036372188013047
1512,361.34573,0.0,100.0,69,2181,151200,0.02626790478825569,-179.53515243530273,2.3500385731458664,0.0003,37600,0.25790416076779366,0.020291593275032938
1516,361.10254,0.0,100.0,69,2187,151600,0.026267098262906075,-179.51773929595947,2.313089072704315,0.0003,37696,0.5985073894262314,0.0202696043998003
1520,360.72665,0.0,100.0,69,2193,152000,0.026267321780323982,-179.4256706237793,2.5007436871528625,0.0003,37792,-4.149853331968188,0.020148793002590537
1524,360.0404,0.0,100.0,69,2200,152400,0.026270093396306038,-179.57441806793213,2.3848871290683746,0.0003,37904,-0.45632361620664597,0.020085564581677318
1528,360.96918,0.0,100.0,69,2205,152800,0.02627130225300789,-179.64523029327393,2.367272228002548,0.0003,38000,0.6488695219159126,0.01996424573007971
1532,361.69458,0.0,100.0,69,2211,153200,0.026266852393746376,-179.78240871429443,2.304317831993103,0.0003,38096,0.6631683837622404,0.019808986340649426
1536,361.21274,0.0,100.0,69,2217,153600,0.02626681886613369,-179.45784091949463,2.356110394001007,0.0003,38192,0.21850527822971344,0.019684684462845325
1540,361.35257,0.0,100.0,69,2223,154000,0.026269888505339622,-179.60080337524414,2.562726564705372,0.0003,38304,-1.5640486869961023,0.019603954744525254
1544,361.70578,0.0,100.0,69,2229,154400,0.02627325803041458,-179.77294540405273,2.37104594707489,0.0003,38400,0.04155426472425461,0.019734154804609716
1548,362.2398,0.0,100.0,69,2235,154800,0.02627631276845932,-179.83525466918945,2.8304587677121162,0.0003,38496,-2.262523241341114,0.01976436551194638
1552,362.37314,0.0,100.0,69,2241,155200,0.026282018050551414,-179.78627681732178,2.3311359211802483,0.0003,38592,0.7925079930573702,0.01974134158808738
1556,361.83115,0.0,100.0,69,2248,155600,0.026283366605639458,-179.67724895477295,2.300980366766453,0.0003,38704,-3.949874901212752,0.01972901856061071
1560,361.43985,0.0,100.0,69,2254,156000,0.026287442073225975,-179.673002243042,2.438809856772423,0.0003,38800,-1.2950156759470701,0.019641572842374444
1564,361.03714,0.0,100.0,69,2260,156400,0.026288634166121483,-179.92278861999512,3.3074895665049553,0.0003,38896,-2.803443579003215,0.019589518546126783
1568,361.67676,0.0,100.0,69,2267,156800,0.026289118453860283,-179.8553991317749,2.3823962584137917,0.0003,38992,1.1983314901590347,0.019444193923845887
1572,362.0494,0.0,100.0,69,2273,157200,0.026290399953722954,-180.29401111602783,2.8131823241710663,0.0003,39104,-0.23041014187037945,0.019548018812201917
1576,362.98163,0.0,100.0,69,2279,157600,0.026296250522136688,-179.97177410125732,2.379026859998703,0.0003,39200,2.6189818158745766,0.01960309734568
1580,363.84262,0.0,100.0,69,2285,158000,0.026304837316274643,-180.11562061309814,2.277751386165619,0.0003,39296,-1.0577681437134743,0.019676692667417228
1584,363.33655,0.0,100.0,69,2291,158400,0.02630579099059105,-180.43521690368652,2.3145540058612823,0.0003,39392,2.6371486857533455,0.01977056823670864
1588,362.6141,0.0,100.0,69,2298,158800,0.026301449164748192,-180.00341701507568,3.4668849408626556,0.0003,39504,0.6970905940979719,0.019908364862203598
1592,362.149,0.0,100.0,69,2303,159200,0.026309873908758163,-180.16772937774658,3.1076888144016266,0.0003,39600,6.943732496351004,0.020047720754519105
1596,363.34268,0.0,100.0,69,2310,159600,0.026313045993447304,-180.16631412506104,3.2660914957523346,0.0003,39696,3.416644547134638,0.02022920735180378
1600,362.63284,0.0,100.0,69,2316,160000,0.02631252259016037,-179.97558307647705,3.664559617638588,0.0003,39792,6.453884162008762,0.02041783940512687
1604,363.09964,0.0,100.0,68,2324,160400,0.02631879411637783,-180.84237670898438,2.968602105975151,0.0003,39904,3.699621580541134,0.02063803083728999
1608,363.04266,0.0,100.0,68,2330,160800,0.02632109634578228,-180.6994981765747,2.4511357098817825,0.0003,40000,1.0485527403652668,0.02088068099692464
1612,363.05972,0.0,100.0,69,2336,161200,0.026325920596718788,-180.67891883850098,2.283921018242836,0.0003,40096,0.13138488680124283,0.02096030826214701
1616,362.10013,0.0,100.0,68,2342,161600,0.026332085952162743,-180.616286277771,2.291333854198456,0.0003,40192,-1.7543858289718628,0.020824248786084354
